--------------------------------------------------------
--  File created - Sunday-September-19-2021   
--------------------------------------------------------
--------------------------------------------------------
--  DDL for Sequence CARRIER_ID
--------------------------------------------------------

   CREATE SEQUENCE  "CARRIER_ID"  MINVALUE 1 MAXVALUE 9999999999999999999999999999 INCREMENT BY 1 START WITH 421 CACHE 20 NOORDER  NOCYCLE   ;
--------------------------------------------------------
--  DDL for Sequence CONSIGNEE_ID
--------------------------------------------------------

   CREATE SEQUENCE  "CONSIGNEE_ID"  MINVALUE 1 MAXVALUE 9999999999999999999999999999 INCREMENT BY 1 START WITH 301 CACHE 20 NOORDER  NOCYCLE   ;
--------------------------------------------------------
--  DDL for Sequence CONSIGNEE_REFID
--------------------------------------------------------

   CREATE SEQUENCE  "CONSIGNEE_REFID"  MINVALUE 1 MAXVALUE 9999999999999999999999999999 INCREMENT BY 1 START WITH 1061 CACHE 20 NOORDER  NOCYCLE   ;
--------------------------------------------------------
--  DDL for Sequence CURRENCY_ID
--------------------------------------------------------

   CREATE SEQUENCE  "CURRENCY_ID"  MINVALUE 1 MAXVALUE 999999999999999999999999999 INCREMENT BY 1 START WITH 161 CACHE 20 NOORDER  NOCYCLE   ;
--------------------------------------------------------
--  DDL for Sequence CUSTOMBROKER_ID
--------------------------------------------------------

   CREATE SEQUENCE  "CUSTOMBROKER_ID"  MINVALUE 1 MAXVALUE 9999999999999999999999999999 INCREMENT BY 1 START WITH 161 CACHE 20 NOORDER  NOCYCLE   ;
--------------------------------------------------------
--  DDL for Sequence LOADCONFIRMATION_ID
--------------------------------------------------------

   CREATE SEQUENCE  "LOADCONFIRMATION_ID"  MINVALUE 1 MAXVALUE 9999999999999999999999999999 INCREMENT BY 1 START WITH 1321 CACHE 20 NOORDER  NOCYCLE   ;
--------------------------------------------------------
--  DDL for Sequence LOADTYPE_ID
--------------------------------------------------------

   CREATE SEQUENCE  "LOADTYPE_ID"  MINVALUE 1 MAXVALUE 9999999999999999999999999999 INCREMENT BY 1 START WITH 101 CACHE 20 NOORDER  NOCYCLE   ;
--------------------------------------------------------
--  DDL for Sequence SHIPPER_ID
--------------------------------------------------------

   CREATE SEQUENCE  "SHIPPER_ID"  MINVALUE 1 MAXVALUE 9999999999999999999999999999 INCREMENT BY 1 START WITH 261 CACHE 20 NOORDER  NOCYCLE   ;
--------------------------------------------------------
--  DDL for Sequence SHIPPER_REFID
--------------------------------------------------------

   CREATE SEQUENCE  "SHIPPER_REFID"  MINVALUE 1 MAXVALUE 9999999999999999999999999999 INCREMENT BY 1 START WITH 1121 CACHE 20 NOORDER  NOCYCLE   ;
--------------------------------------------------------
--  DDL for Sequence USERS_ID
--------------------------------------------------------

   CREATE SEQUENCE  "USERS_ID"  MINVALUE 1 MAXVALUE 999999999999999999999999999 INCREMENT BY 1 START WITH 101 CACHE 20 NOORDER  NOCYCLE   ;
--------------------------------------------------------
--  DDL for Table CARRIER
--------------------------------------------------------

  CREATE TABLE "CARRIER" 
   (	"CARRIERID" NUMBER, 
	"CARRIERNAME" VARCHAR2(100 BYTE), 
	"CARRIERADDRESS" VARCHAR2(150 BYTE), 
	"CARRIERCITY" VARCHAR2(50 BYTE), 
	"CARRIERSTATE" VARCHAR2(50 BYTE), 
	"CARRIERCOUNTRY" VARCHAR2(50 BYTE), 
	"CARRIERPOSTALCODE" VARCHAR2(20 BYTE), 
	"CARRIERPHONE" VARCHAR2(50 BYTE), 
	"CARRIERFAX" VARCHAR2(50 BYTE), 
	"CARRIERTOLLFREE" VARCHAR2(50 BYTE), 
	"CARRIERCONTACT" VARCHAR2(50 BYTE)
   ) SEGMENT CREATION IMMEDIATE 
  PCTFREE 10 PCTUSED 40 INITRANS 1 MAXTRANS 255 
 NOCOMPRESS LOGGING
  STORAGE(INITIAL 65536 NEXT 1048576 MINEXTENTS 1 MAXEXTENTS 2147483645
  PCTINCREASE 0 FREELISTS 1 FREELIST GROUPS 1
  BUFFER_POOL DEFAULT FLASH_CACHE DEFAULT CELL_FLASH_CACHE DEFAULT)
  TABLESPACE "SYSTEM" ;
--------------------------------------------------------
--  DDL for Table CONSIGNEE
--------------------------------------------------------

  CREATE TABLE "CONSIGNEE" 
   (	"CONSIGNEEID" NUMBER, 
	"CONSIGNEENAME" VARCHAR2(100 BYTE), 
	"CONSIGNEEADDRESS" VARCHAR2(150 BYTE), 
	"CONSIGNEECITY" VARCHAR2(50 BYTE), 
	"CONSIGNEESTATE" VARCHAR2(50 BYTE), 
	"CONSIGNEECOUNTRY" VARCHAR2(50 BYTE), 
	"CONSIGNEEPOSTALCODE" VARCHAR2(20 BYTE), 
	"CONSIGNEEPHONE" VARCHAR2(50 BYTE), 
	"CONSIGNEEFAX" VARCHAR2(50 BYTE), 
	"CONSIGNEETOLLFREE" VARCHAR2(50 BYTE), 
	"CONSIGNEECONTACT" VARCHAR2(50 BYTE)
   ) SEGMENT CREATION IMMEDIATE 
  PCTFREE 10 PCTUSED 40 INITRANS 1 MAXTRANS 255 
 NOCOMPRESS LOGGING
  STORAGE(INITIAL 65536 NEXT 1048576 MINEXTENTS 1 MAXEXTENTS 2147483645
  PCTINCREASE 0 FREELISTS 1 FREELIST GROUPS 1
  BUFFER_POOL DEFAULT FLASH_CACHE DEFAULT CELL_FLASH_CACHE DEFAULT)
  TABLESPACE "SYSTEM" ;
--------------------------------------------------------
--  DDL for Table CONSIGNEE_REF
--------------------------------------------------------

  CREATE TABLE "CONSIGNEE_REF" 
   (	"CONSIGNEE_REFID" NUMBER, 
	"LCID" NUMBER, 
	"CONSIGNEEID" NUMBER, 
	"CONSIGNEEDATE" DATE, 
	"CONSIGNEETIME" VARCHAR2(30 BYTE)
   ) SEGMENT CREATION IMMEDIATE 
  PCTFREE 10 PCTUSED 40 INITRANS 1 MAXTRANS 255 
 NOCOMPRESS LOGGING
  STORAGE(INITIAL 65536 NEXT 1048576 MINEXTENTS 1 MAXEXTENTS 2147483645
  PCTINCREASE 0 FREELISTS 1 FREELIST GROUPS 1
  BUFFER_POOL DEFAULT FLASH_CACHE DEFAULT CELL_FLASH_CACHE DEFAULT)
  TABLESPACE "SYSTEM" ;
--------------------------------------------------------
--  DDL for Table CURRENCY
--------------------------------------------------------

  CREATE TABLE "CURRENCY" 
   (	"CURRENCYID" NUMBER, 
	"CURRENCYSHORTNAME" VARCHAR2(20 BYTE), 
	"CURRENCYNAME" VARCHAR2(30 BYTE), 
	"CURRENCYIMAGEPATH" VARCHAR2(256 BYTE)
   ) SEGMENT CREATION IMMEDIATE 
  PCTFREE 10 PCTUSED 40 INITRANS 1 MAXTRANS 255 
 NOCOMPRESS LOGGING
  STORAGE(INITIAL 65536 NEXT 1048576 MINEXTENTS 1 MAXEXTENTS 2147483645
  PCTINCREASE 0 FREELISTS 1 FREELIST GROUPS 1
  BUFFER_POOL DEFAULT FLASH_CACHE DEFAULT CELL_FLASH_CACHE DEFAULT)
  TABLESPACE "SYSTEM" ;
--------------------------------------------------------
--  DDL for Table CUSTOMBROKER
--------------------------------------------------------

  CREATE TABLE "CUSTOMBROKER" 
   (	"CUSTOMBROKERID" NUMBER, 
	"CUSTOMBROKERNAME" VARCHAR2(100 BYTE), 
	"CUSTOMBROKERPHONE" VARCHAR2(50 BYTE), 
	"CUSTOMBROKERFAX" VARCHAR2(50 BYTE), 
	"CUSTOMBROKERTOLLFREE" VARCHAR2(50 BYTE), 
	"CUSTOMBROKERCONTACT" VARCHAR2(50 BYTE)
   ) SEGMENT CREATION IMMEDIATE 
  PCTFREE 10 PCTUSED 40 INITRANS 1 MAXTRANS 255 
 NOCOMPRESS LOGGING
  STORAGE(INITIAL 65536 NEXT 1048576 MINEXTENTS 1 MAXEXTENTS 2147483645
  PCTINCREASE 0 FREELISTS 1 FREELIST GROUPS 1
  BUFFER_POOL DEFAULT FLASH_CACHE DEFAULT CELL_FLASH_CACHE DEFAULT)
  TABLESPACE "SYSTEM" ;
--------------------------------------------------------
--  DDL for Table LOADCONFIRMATION
--------------------------------------------------------

  CREATE TABLE "LOADCONFIRMATION" 
   (	"LCID" NUMBER, 
	"LCNO" VARCHAR2(30 BYTE), 
	"LCAGREEDRATE" NUMBER, 
	"LCCURRENCYID" NUMBER, 
	"LCQUANTITY" NUMBER, 
	"LCLOADTYPEID" NUMBER, 
	"LCCARRIERID" NUMBER, 
	"LCCUSTOMBROKERID" NUMBER, 
	"LCNOTE" VARCHAR2(2000 BYTE), 
	"LCCREATED" DATE, 
	"LCCREATEDBY" NUMBER
   ) SEGMENT CREATION IMMEDIATE 
  PCTFREE 10 PCTUSED 40 INITRANS 1 MAXTRANS 255 
 NOCOMPRESS LOGGING
  STORAGE(INITIAL 65536 NEXT 1048576 MINEXTENTS 1 MAXEXTENTS 2147483645
  PCTINCREASE 0 FREELISTS 1 FREELIST GROUPS 1
  BUFFER_POOL DEFAULT FLASH_CACHE DEFAULT CELL_FLASH_CACHE DEFAULT)
  TABLESPACE "SYSTEM" ;
--------------------------------------------------------
--  DDL for Table LOADTYPE
--------------------------------------------------------

  CREATE TABLE "LOADTYPE" 
   (	"LOADTYPEID" NUMBER, 
	"LOADTYPENAME" VARCHAR2(20 BYTE)
   ) SEGMENT CREATION IMMEDIATE 
  PCTFREE 10 PCTUSED 40 INITRANS 1 MAXTRANS 255 
 NOCOMPRESS LOGGING
  STORAGE(INITIAL 65536 NEXT 1048576 MINEXTENTS 1 MAXEXTENTS 2147483645
  PCTINCREASE 0 FREELISTS 1 FREELIST GROUPS 1
  BUFFER_POOL DEFAULT FLASH_CACHE DEFAULT CELL_FLASH_CACHE DEFAULT)
  TABLESPACE "SYSTEM" ;
--------------------------------------------------------
--  DDL for Table SHIPPER
--------------------------------------------------------

  CREATE TABLE "SHIPPER" 
   (	"SHIPPERID" NUMBER, 
	"SHIPPERNAME" VARCHAR2(100 BYTE), 
	"SHIPPERADDRESS" VARCHAR2(150 BYTE), 
	"SHIPPERCITY" VARCHAR2(50 BYTE), 
	"SHIPPERSTATE" VARCHAR2(50 BYTE), 
	"SHIPPERCOUNTRY" VARCHAR2(50 BYTE), 
	"SHIPPERPOSTALCODE" VARCHAR2(20 BYTE), 
	"SHIPPERPHONE" VARCHAR2(50 BYTE), 
	"SHIPPERFAX" VARCHAR2(50 BYTE), 
	"SHIPPERTOLLFREE" VARCHAR2(50 BYTE), 
	"SHIPPERCONTACT" VARCHAR2(50 BYTE)
   ) SEGMENT CREATION IMMEDIATE 
  PCTFREE 10 PCTUSED 40 INITRANS 1 MAXTRANS 255 
 NOCOMPRESS LOGGING
  STORAGE(INITIAL 65536 NEXT 1048576 MINEXTENTS 1 MAXEXTENTS 2147483645
  PCTINCREASE 0 FREELISTS 1 FREELIST GROUPS 1
  BUFFER_POOL DEFAULT FLASH_CACHE DEFAULT CELL_FLASH_CACHE DEFAULT)
  TABLESPACE "SYSTEM" ;
--------------------------------------------------------
--  DDL for Table SHIPPER_REF
--------------------------------------------------------

  CREATE TABLE "SHIPPER_REF" 
   (	"SHIPPER_REFID" NUMBER, 
	"LCID" NUMBER, 
	"SHIPPERID" NUMBER, 
	"SHIPPERDATE" DATE, 
	"SHIPPERTIME" VARCHAR2(30 BYTE)
   ) SEGMENT CREATION IMMEDIATE 
  PCTFREE 10 PCTUSED 40 INITRANS 1 MAXTRANS 255 
 NOCOMPRESS LOGGING
  STORAGE(INITIAL 65536 NEXT 1048576 MINEXTENTS 1 MAXEXTENTS 2147483645
  PCTINCREASE 0 FREELISTS 1 FREELIST GROUPS 1
  BUFFER_POOL DEFAULT FLASH_CACHE DEFAULT CELL_FLASH_CACHE DEFAULT)
  TABLESPACE "SYSTEM" ;
--------------------------------------------------------
--  DDL for Table USERS
--------------------------------------------------------

  CREATE TABLE "USERS" 
   (	"ID" NUMBER(15,0), 
	"FNAME" VARCHAR2(50 BYTE), 
	"SNAME" VARCHAR2(50 BYTE), 
	"PASSWORD" VARCHAR2(100 BYTE)
   ) SEGMENT CREATION IMMEDIATE 
  PCTFREE 10 PCTUSED 40 INITRANS 1 MAXTRANS 255 
 NOCOMPRESS LOGGING
  STORAGE(INITIAL 196608 NEXT 1048576 MINEXTENTS 1 MAXEXTENTS 2147483645
  PCTINCREASE 0 FREELISTS 1 FREELIST GROUPS 1
  BUFFER_POOL DEFAULT FLASH_CACHE DEFAULT CELL_FLASH_CACHE DEFAULT)
  TABLESPACE "USERS" ;
REM INSERTING into CARRIER
SET DEFINE OFF;
Insert into CARRIER (CARRIERID,CARRIERNAME,CARRIERADDRESS,CARRIERCITY,CARRIERSTATE,CARRIERCOUNTRY,CARRIERPOSTALCODE,CARRIERPHONE,CARRIERFAX,CARRIERTOLLFREE,CARRIERCONTACT) values (62,'NORDACSE EXPRESS INC.','3050 Appleby Line, Suite 229','Burlington','ON','Canada','L7L-7H1','(905)-881-0000, (905)-251-7654','(905)-251-4150','(886)-448-7654','John, Fred');
Insert into CARRIER (CARRIERID,CARRIERNAME,CARRIERADDRESS,CARRIERCITY,CARRIERSTATE,CARRIERCOUNTRY,CARRIERPOSTALCODE,CARRIERPHONE,CARRIERFAX,CARRIERTOLLFREE,CARRIERCONTACT) values (81,'LICOS  TRUCKING INC.','112-22 Ironside Drive','Toronto','ON','Canada','M8Y 4E1','(416)-252-3343','(416)-252-3323','sokil@rogers.com','Alex');
Insert into CARRIER (CARRIERID,CARRIERNAME,CARRIERADDRESS,CARRIERCITY,CARRIERSTATE,CARRIERCOUNTRY,CARRIERPOSTALCODE,CARRIERPHONE,CARRIERFAX,CARRIERTOLLFREE,CARRIERCONTACT) values (101,'A1 FREIGHT SYSTEM INC','5784  Post Road','Mississauga','ON','Canada','L5N 6P8','1-877-557-6555','1-800-974-7764',null,'Samantha');
Insert into CARRIER (CARRIERID,CARRIERNAME,CARRIERADDRESS,CARRIERCITY,CARRIERSTATE,CARRIERCOUNTRY,CARRIERPOSTALCODE,CARRIERPHONE,CARRIERFAX,CARRIERTOLLFREE,CARRIERCONTACT) values (121,'Transport Alpha','94 Rue De Dijon','Saint-Jean','QC','CANADA','J3B 8G3','(800)-363-9254 EXT 651','(450)-346-5153',null,'Sasy');
Insert into CARRIER (CARRIERID,CARRIERNAME,CARRIERADDRESS,CARRIERCITY,CARRIERSTATE,CARRIERCOUNTRY,CARRIERPOSTALCODE,CARRIERPHONE,CARRIERFAX,CARRIERTOLLFREE,CARRIERCONTACT) values (122,'SUPERB TRANSPORT INC.','815 Westminster Dr.','Thornhill','ON','CANADA','L4J 7X2','(416)-457-9414',null,null,'Alek Bing');
Insert into CARRIER (CARRIERID,CARRIERNAME,CARRIERADDRESS,CARRIERCITY,CARRIERSTATE,CARRIERCOUNTRY,CARRIERPOSTALCODE,CARRIERPHONE,CARRIERFAX,CARRIERTOLLFREE,CARRIERCONTACT) values (141,'ULTRA TRANSPORTATION INC.','400 Bridge Court','Scarborough','ON','CANADA','M1B 3M5','416-636-1784','416-636-3439',null,'Robert');
Insert into CARRIER (CARRIERID,CARRIERNAME,CARRIERADDRESS,CARRIERCITY,CARRIERSTATE,CARRIERCOUNTRY,CARRIERPOSTALCODE,CARRIERPHONE,CARRIERFAX,CARRIERTOLLFREE,CARRIERCONTACT) values (161,'COSMOS TRANSPORT LTD.','23 Elm Road','BRAMPTON','ON','CANADA','L6R-1G4','6476784511',null,null,'Chris');
Insert into CARRIER (CARRIERID,CARRIERNAME,CARRIERADDRESS,CARRIERCITY,CARRIERSTATE,CARRIERCOUNTRY,CARRIERPOSTALCODE,CARRIERPHONE,CARRIERFAX,CARRIERTOLLFREE,CARRIERCONTACT) values (181,'DDR Transportation','523 Dorval Road','Etobicoke','ON','Canada','M8R-1Z7','(416)-974-0999','(416)-292-5217',null,'Christopher');
Insert into CARRIER (CARRIERID,CARRIERNAME,CARRIERADDRESS,CARRIERCITY,CARRIERSTATE,CARRIERCOUNTRY,CARRIERPOSTALCODE,CARRIERPHONE,CARRIERFAX,CARRIERTOLLFREE,CARRIERCONTACT) values (201,'SUNTY INC','235 Bronte Road','Oakville','On','Canada','L4J 7H9','(416)-457-9412',null,null,'Missy');
Insert into CARRIER (CARRIERID,CARRIERNAME,CARRIERADDRESS,CARRIERCITY,CARRIERSTATE,CARRIERCOUNTRY,CARRIERPOSTALCODE,CARRIERPHONE,CARRIERFAX,CARRIERTOLLFREE,CARRIERCONTACT) values (221,' FREIGHT LINES LTD','450 Heritage Way','Etobicoke','On','Canada','m9v 1a1','(416)-740-0800','-','-','Tony');
Insert into CARRIER (CARRIERID,CARRIERNAME,CARRIERADDRESS,CARRIERCITY,CARRIERSTATE,CARRIERCOUNTRY,CARRIERPOSTALCODE,CARRIERPHONE,CARRIERFAX,CARRIERTOLLFREE,CARRIERCONTACT) values (241,'REF TRANSPORTATION','20-55 Run Fast Ave','BURLINGTON','ON','CANADA','L7M 5B8','888-532-0000','888-532-0001','888-532-0000','Natali');
Insert into CARRIER (CARRIERID,CARRIERNAME,CARRIERADDRESS,CARRIERCITY,CARRIERSTATE,CARRIERCOUNTRY,CARRIERPOSTALCODE,CARRIERPHONE,CARRIERFAX,CARRIERTOLLFREE,CARRIERCONTACT) values (261,'LEAF GATE TRANSPORT','45 Heatherwood Crescent','Brampton','ON','Canada','B7M 1B2','905-636-1784','905-636-1785','800-636-1784','David');
Insert into CARRIER (CARRIERID,CARRIERNAME,CARRIERADDRESS,CARRIERCITY,CARRIERSTATE,CARRIERCOUNTRY,CARRIERPOSTALCODE,CARRIERPHONE,CARRIERFAX,CARRIERTOLLFREE,CARRIERCONTACT) values (281,'IND TRANSPORT INC','5034 Stratus Road','Mississauga','ON','CANADA','L4T 1A4','(905) 362-0881 ','(905) 362-0884','-','Rod');
Insert into CARRIER (CARRIERID,CARRIERNAME,CARRIERADDRESS,CARRIERCITY,CARRIERSTATE,CARRIERCOUNTRY,CARRIERPOSTALCODE,CARRIERPHONE,CARRIERFAX,CARRIERTOLLFREE,CARRIERCONTACT) values (301,'IRADIA LTD','48 GEORGE KIRBY STREET','MAPLE','ON','CANADA','L4A 0K5','888-532-0535','905-597-0076','888-290-4225','Andrew');
Insert into CARRIER (CARRIERID,CARRIERNAME,CARRIERADDRESS,CARRIERCITY,CARRIERSTATE,CARRIERCOUNTRY,CARRIERPOSTALCODE,CARRIERPHONE,CARRIERFAX,CARRIERTOLLFREE,CARRIERCONTACT) values (321,'TransWestAuto','1136-3 Centre Street, Unit 390','Thornhill','ON','Canada','L4J-3R8','905-482-0326','905-482-2287','1-866-870-5263 ','Raphael');
REM INSERTING into CONSIGNEE
SET DEFINE OFF;
Insert into CONSIGNEE (CONSIGNEEID,CONSIGNEENAME,CONSIGNEEADDRESS,CONSIGNEECITY,CONSIGNEESTATE,CONSIGNEECOUNTRY,CONSIGNEEPOSTALCODE,CONSIGNEEPHONE,CONSIGNEEFAX,CONSIGNEETOLLFREE,CONSIGNEECONTACT) values (42,'SUNSET MANUFACTURING INC','6325 Northwest Drive','Mississauga','ON','Canada','L4V-1A6','(905)-677-0677',null,null,null);
Insert into CONSIGNEE (CONSIGNEEID,CONSIGNEENAME,CONSIGNEEADDRESS,CONSIGNEECITY,CONSIGNEESTATE,CONSIGNEECOUNTRY,CONSIGNEEPOSTALCODE,CONSIGNEEPHONE,CONSIGNEEFAX,CONSIGNEETOLLFREE,CONSIGNEECONTACT) values (61,'Black bear inc','711 West Wabash Ave.','Effingham','IL','USA','62402','217-347-0333',null,null,null);
Insert into CONSIGNEE (CONSIGNEEID,CONSIGNEENAME,CONSIGNEEADDRESS,CONSIGNEECITY,CONSIGNEESTATE,CONSIGNEECOUNTRY,CONSIGNEEPOSTALCODE,CONSIGNEEPHONE,CONSIGNEEFAX,CONSIGNEETOLLFREE,CONSIGNEECONTACT) values (81,'Calgary DC 6011','3400 39th Avenue NE','Calgary','Alberta','Canada','TIY 7L4',null,null,null,null);
Insert into CONSIGNEE (CONSIGNEEID,CONSIGNEENAME,CONSIGNEEADDRESS,CONSIGNEECITY,CONSIGNEESTATE,CONSIGNEECOUNTRY,CONSIGNEEPOSTALCODE,CONSIGNEEPHONE,CONSIGNEEFAX,CONSIGNEETOLLFREE,CONSIGNEECONTACT) values (101,'Wal-mart Cornwall','2041 Scm Way','Cornwall','On','Canada','Z6H-5A5',null,null,null,null);
Insert into CONSIGNEE (CONSIGNEEID,CONSIGNEENAME,CONSIGNEEADDRESS,CONSIGNEECITY,CONSIGNEESTATE,CONSIGNEECOUNTRY,CONSIGNEEPOSTALCODE,CONSIGNEEPHONE,CONSIGNEEFAX,CONSIGNEETOLLFREE,CONSIGNEECONTACT) values (121,'-','-','Weco','Tx','US','-','-','-','-','-');
Insert into CONSIGNEE (CONSIGNEEID,CONSIGNEENAME,CONSIGNEEADDRESS,CONSIGNEECITY,CONSIGNEESTATE,CONSIGNEECOUNTRY,CONSIGNEEPOSTALCODE,CONSIGNEEPHONE,CONSIGNEEFAX,CONSIGNEETOLLFREE,CONSIGNEECONTACT) values (141,'- 2','-','BUFORD','GA','US','-','-','-','-','-');
Insert into CONSIGNEE (CONSIGNEEID,CONSIGNEENAME,CONSIGNEEADDRESS,CONSIGNEECITY,CONSIGNEESTATE,CONSIGNEECOUNTRY,CONSIGNEEPOSTALCODE,CONSIGNEEPHONE,CONSIGNEEFAX,CONSIGNEETOLLFREE,CONSIGNEECONTACT) values (142,'- 3','-','WINTERHAVEN','FL','US','-','-','-','-','-');
Insert into CONSIGNEE (CONSIGNEEID,CONSIGNEENAME,CONSIGNEEADDRESS,CONSIGNEECITY,CONSIGNEESTATE,CONSIGNEECOUNTRY,CONSIGNEEPOSTALCODE,CONSIGNEEPHONE,CONSIGNEEFAX,CONSIGNEETOLLFREE,CONSIGNEECONTACT) values (161,null,null,'Reno','NV',null,null,null,null,null,null);
Insert into CONSIGNEE (CONSIGNEEID,CONSIGNEENAME,CONSIGNEEADDRESS,CONSIGNEECITY,CONSIGNEESTATE,CONSIGNEECOUNTRY,CONSIGNEEPOSTALCODE,CONSIGNEEPHONE,CONSIGNEEFAX,CONSIGNEETOLLFREE,CONSIGNEECONTACT) values (162,'- 4 ',null,'Reno','NV',null,null,null,null,null,null);
Insert into CONSIGNEE (CONSIGNEEID,CONSIGNEENAME,CONSIGNEEADDRESS,CONSIGNEECITY,CONSIGNEESTATE,CONSIGNEECOUNTRY,CONSIGNEEPOSTALCODE,CONSIGNEEPHONE,CONSIGNEEFAX,CONSIGNEETOLLFREE,CONSIGNEECONTACT) values (181,'HART STORES','100 Place Paul-Kane','Laval','QC','canada',null,null,null,null,null);
Insert into CONSIGNEE (CONSIGNEEID,CONSIGNEENAME,CONSIGNEEADDRESS,CONSIGNEECITY,CONSIGNEESTATE,CONSIGNEECOUNTRY,CONSIGNEEPOSTALCODE,CONSIGNEEPHONE,CONSIGNEEFAX,CONSIGNEETOLLFREE,CONSIGNEECONTACT) values (201,'F1 IMPORTS','87 Boul. Industriel','Suite 200','QC','CANADA','J6B-4T3',null,null,null,null);
Insert into CONSIGNEE (CONSIGNEEID,CONSIGNEENAME,CONSIGNEEADDRESS,CONSIGNEECITY,CONSIGNEESTATE,CONSIGNEECOUNTRY,CONSIGNEEPOSTALCODE,CONSIGNEEPHONE,CONSIGNEEFAX,CONSIGNEETOLLFREE,CONSIGNEECONTACT) values (221,'GUGRAVO','332 AUTOMATIC ROAD','BRAMPTON','ON','CANADA','L6S 9N8','905-791-7445','-','-','-');
Insert into CONSIGNEE (CONSIGNEEID,CONSIGNEENAME,CONSIGNEEADDRESS,CONSIGNEECITY,CONSIGNEESTATE,CONSIGNEECOUNTRY,CONSIGNEEPOSTALCODE,CONSIGNEEPHONE,CONSIGNEEFAX,CONSIGNEETOLLFREE,CONSIGNEECONTACT) values (222,'GSG','1620 SLOUGH STREET','MISSISSAUGA','ON','CANADA','L4T 1T9','(111)-111-1111','-','-','-');
REM INSERTING into CONSIGNEE_REF
SET DEFINE OFF;
Insert into CONSIGNEE_REF (CONSIGNEE_REFID,LCID,CONSIGNEEID,CONSIGNEEDATE,CONSIGNEETIME) values (82,264,42,to_date('10-11-30','RR-MM-DD'),null);
Insert into CONSIGNEE_REF (CONSIGNEE_REFID,LCID,CONSIGNEEID,CONSIGNEEDATE,CONSIGNEETIME) values (83,266,42,to_date('10-11-30','RR-MM-DD'),null);
Insert into CONSIGNEE_REF (CONSIGNEE_REFID,LCID,CONSIGNEEID,CONSIGNEEDATE,CONSIGNEETIME) values (101,322,42,to_date('10-12-15','RR-MM-DD'),null);
Insert into CONSIGNEE_REF (CONSIGNEE_REFID,LCID,CONSIGNEEID,CONSIGNEEDATE,CONSIGNEETIME) values (121,344,42,to_date('10-12-29','RR-MM-DD'),null);
Insert into CONSIGNEE_REF (CONSIGNEE_REFID,LCID,CONSIGNEEID,CONSIGNEEDATE,CONSIGNEETIME) values (141,366,42,to_date('11-02-24','RR-MM-DD'),null);
Insert into CONSIGNEE_REF (CONSIGNEE_REFID,LCID,CONSIGNEEID,CONSIGNEEDATE,CONSIGNEETIME) values (161,382,42,to_date('11-03-23','RR-MM-DD'),null);
Insert into CONSIGNEE_REF (CONSIGNEE_REFID,LCID,CONSIGNEEID,CONSIGNEEDATE,CONSIGNEETIME) values (261,482,42,to_date('11-04-08','RR-MM-DD'),null);
Insert into CONSIGNEE_REF (CONSIGNEE_REFID,LCID,CONSIGNEEID,CONSIGNEEDATE,CONSIGNEETIME) values (182,404,42,to_date('11-03-28','RR-MM-DD'),null);
Insert into CONSIGNEE_REF (CONSIGNEE_REFID,LCID,CONSIGNEEID,CONSIGNEEDATE,CONSIGNEETIME) values (201,424,61,to_date('11-03-30','RR-MM-DD'),null);
Insert into CONSIGNEE_REF (CONSIGNEE_REFID,LCID,CONSIGNEEID,CONSIGNEEDATE,CONSIGNEETIME) values (222,444,42,to_date('11-04-04','RR-MM-DD'),null);
Insert into CONSIGNEE_REF (CONSIGNEE_REFID,LCID,CONSIGNEEID,CONSIGNEEDATE,CONSIGNEETIME) values (241,462,42,to_date('11-04-07','RR-MM-DD'),null);
Insert into CONSIGNEE_REF (CONSIGNEE_REFID,LCID,CONSIGNEEID,CONSIGNEEDATE,CONSIGNEETIME) values (281,502,42,to_date('11-04-13','RR-MM-DD'),null);
Insert into CONSIGNEE_REF (CONSIGNEE_REFID,LCID,CONSIGNEEID,CONSIGNEEDATE,CONSIGNEETIME) values (301,522,42,to_date('11-05-13','RR-MM-DD'),null);
Insert into CONSIGNEE_REF (CONSIGNEE_REFID,LCID,CONSIGNEEID,CONSIGNEEDATE,CONSIGNEETIME) values (321,542,42,to_date('11-05-27','RR-MM-DD'),null);
Insert into CONSIGNEE_REF (CONSIGNEE_REFID,LCID,CONSIGNEEID,CONSIGNEEDATE,CONSIGNEETIME) values (381,602,42,to_date('11-08-08','RR-MM-DD'),null);
Insert into CONSIGNEE_REF (CONSIGNEE_REFID,LCID,CONSIGNEEID,CONSIGNEEDATE,CONSIGNEETIME) values (342,564,42,to_date('11-06-13','RR-MM-DD'),null);
Insert into CONSIGNEE_REF (CONSIGNEE_REFID,LCID,CONSIGNEEID,CONSIGNEEDATE,CONSIGNEETIME) values (361,582,42,to_date('11-06-16','RR-MM-DD'),null);
Insert into CONSIGNEE_REF (CONSIGNEE_REFID,LCID,CONSIGNEEID,CONSIGNEEDATE,CONSIGNEETIME) values (401,622,42,to_date('11-08-25','RR-MM-DD'),null);
Insert into CONSIGNEE_REF (CONSIGNEE_REFID,LCID,CONSIGNEEID,CONSIGNEEDATE,CONSIGNEETIME) values (421,642,42,to_date('11-11-01','RR-MM-DD'),null);
Insert into CONSIGNEE_REF (CONSIGNEE_REFID,LCID,CONSIGNEEID,CONSIGNEEDATE,CONSIGNEETIME) values (441,662,42,to_date('11-11-07','RR-MM-DD'),null);
Insert into CONSIGNEE_REF (CONSIGNEE_REFID,LCID,CONSIGNEEID,CONSIGNEEDATE,CONSIGNEETIME) values (461,684,42,to_date('11-12-05','RR-MM-DD'),null);
Insert into CONSIGNEE_REF (CONSIGNEE_REFID,LCID,CONSIGNEEID,CONSIGNEEDATE,CONSIGNEETIME) values (481,702,81,to_date('11-12-21','RR-MM-DD'),'By Wed. Dec. 21/2011');
Insert into CONSIGNEE_REF (CONSIGNEE_REFID,LCID,CONSIGNEEID,CONSIGNEEDATE,CONSIGNEETIME) values (501,724,42,to_date('12-05-03','RR-MM-DD'),null);
Insert into CONSIGNEE_REF (CONSIGNEE_REFID,LCID,CONSIGNEEID,CONSIGNEEDATE,CONSIGNEETIME) values (521,742,42,to_date('12-05-28','RR-MM-DD'),null);
Insert into CONSIGNEE_REF (CONSIGNEE_REFID,LCID,CONSIGNEEID,CONSIGNEEDATE,CONSIGNEETIME) values (541,764,101,to_date('12-07-27','RR-MM-DD'),null);
Insert into CONSIGNEE_REF (CONSIGNEE_REFID,LCID,CONSIGNEEID,CONSIGNEEDATE,CONSIGNEETIME) values (561,782,42,to_date('12-08-20','RR-MM-DD'),null);
Insert into CONSIGNEE_REF (CONSIGNEE_REFID,LCID,CONSIGNEEID,CONSIGNEEDATE,CONSIGNEETIME) values (581,802,42,to_date('12-09-05','RR-MM-DD'),null);
Insert into CONSIGNEE_REF (CONSIGNEE_REFID,LCID,CONSIGNEEID,CONSIGNEEDATE,CONSIGNEETIME) values (601,822,42,to_date('12-11-13','RR-MM-DD'),null);
Insert into CONSIGNEE_REF (CONSIGNEE_REFID,LCID,CONSIGNEEID,CONSIGNEEDATE,CONSIGNEETIME) values (621,842,42,to_date('12-11-21','RR-MM-DD'),null);
Insert into CONSIGNEE_REF (CONSIGNEE_REFID,LCID,CONSIGNEEID,CONSIGNEEDATE,CONSIGNEETIME) values (641,882,42,to_date('12-12-14','RR-MM-DD'),null);
Insert into CONSIGNEE_REF (CONSIGNEE_REFID,LCID,CONSIGNEEID,CONSIGNEEDATE,CONSIGNEETIME) values (661,904,121,to_date('13-02-28','RR-MM-DD'),null);
Insert into CONSIGNEE_REF (CONSIGNEE_REFID,LCID,CONSIGNEEID,CONSIGNEEDATE,CONSIGNEETIME) values (681,924,141,to_date('13-02-28','RR-MM-DD'),null);
Insert into CONSIGNEE_REF (CONSIGNEE_REFID,LCID,CONSIGNEEID,CONSIGNEEDATE,CONSIGNEETIME) values (682,926,142,to_date('13-02-28','RR-MM-DD'),null);
Insert into CONSIGNEE_REF (CONSIGNEE_REFID,LCID,CONSIGNEEID,CONSIGNEEDATE,CONSIGNEETIME) values (741,982,42,to_date('13-05-01','RR-MM-DD'),null);
Insert into CONSIGNEE_REF (CONSIGNEE_REFID,LCID,CONSIGNEEID,CONSIGNEEDATE,CONSIGNEETIME) values (702,950,162,to_date('13-03-19','RR-MM-DD'),null);
Insert into CONSIGNEE_REF (CONSIGNEE_REFID,LCID,CONSIGNEEID,CONSIGNEEDATE,CONSIGNEETIME) values (721,964,181,to_date('13-03-27','RR-MM-DD'),null);
Insert into CONSIGNEE_REF (CONSIGNEE_REFID,LCID,CONSIGNEEID,CONSIGNEEDATE,CONSIGNEETIME) values (761,1002,42,to_date('13-05-27','RR-MM-DD'),null);
Insert into CONSIGNEE_REF (CONSIGNEE_REFID,LCID,CONSIGNEEID,CONSIGNEEDATE,CONSIGNEETIME) values (781,1022,42,to_date('13-07-19','RR-MM-DD'),null);
Insert into CONSIGNEE_REF (CONSIGNEE_REFID,LCID,CONSIGNEEID,CONSIGNEEDATE,CONSIGNEETIME) values (801,1042,42,to_date('13-07-23','RR-MM-DD'),null);
Insert into CONSIGNEE_REF (CONSIGNEE_REFID,LCID,CONSIGNEEID,CONSIGNEEDATE,CONSIGNEETIME) values (821,1062,42,to_date('13-08-07','RR-MM-DD'),null);
Insert into CONSIGNEE_REF (CONSIGNEE_REFID,LCID,CONSIGNEEID,CONSIGNEEDATE,CONSIGNEETIME) values (841,1082,201,to_date('14-04-08','RR-MM-DD'),null);
Insert into CONSIGNEE_REF (CONSIGNEE_REFID,LCID,CONSIGNEEID,CONSIGNEEDATE,CONSIGNEETIME) values (864,1108,221,to_date('14-04-28','RR-MM-DD'),null);
Insert into CONSIGNEE_REF (CONSIGNEE_REFID,LCID,CONSIGNEEID,CONSIGNEEDATE,CONSIGNEETIME) values (865,1110,222,to_date('14-04-28','RR-MM-DD'),null);
Insert into CONSIGNEE_REF (CONSIGNEE_REFID,LCID,CONSIGNEEID,CONSIGNEEDATE,CONSIGNEETIME) values (881,1152,222,to_date('21-01-07','RR-MM-DD'),null);
Insert into CONSIGNEE_REF (CONSIGNEE_REFID,LCID,CONSIGNEEID,CONSIGNEEDATE,CONSIGNEETIME) values (882,1154,222,to_date('21-01-08','RR-MM-DD'),'09:00');
Insert into CONSIGNEE_REF (CONSIGNEE_REFID,LCID,CONSIGNEEID,CONSIGNEEDATE,CONSIGNEETIME) values (883,1156,222,to_date('21-01-08','RR-MM-DD'),'11:00');
Insert into CONSIGNEE_REF (CONSIGNEE_REFID,LCID,CONSIGNEEID,CONSIGNEEDATE,CONSIGNEETIME) values (922,1177,222,to_date('21-01-15','RR-MM-DD'),null);
Insert into CONSIGNEE_REF (CONSIGNEE_REFID,LCID,CONSIGNEEID,CONSIGNEEDATE,CONSIGNEETIME) values (924,1182,61,to_date('21-01-13','RR-MM-DD'),null);
Insert into CONSIGNEE_REF (CONSIGNEE_REFID,LCID,CONSIGNEEID,CONSIGNEEDATE,CONSIGNEETIME) values (941,1158,222,to_date('21-01-07','RR-MM-DD'),null);
Insert into CONSIGNEE_REF (CONSIGNEE_REFID,LCID,CONSIGNEEID,CONSIGNEEDATE,CONSIGNEETIME) values (942,1202,181,to_date('21-01-17','RR-MM-DD'),null);
Insert into CONSIGNEE_REF (CONSIGNEE_REFID,LCID,CONSIGNEEID,CONSIGNEEDATE,CONSIGNEETIME) values (961,1222,201,to_date('21-07-12','RR-MM-DD'),null);
REM INSERTING into CURRENCY
SET DEFINE OFF;
Insert into CURRENCY (CURRENCYID,CURRENCYSHORTNAME,CURRENCYNAME,CURRENCYIMAGEPATH) values (41,'Cnd Dollar','Canadian Dollar','resources/report_templates/images/cad_dollar.jpg');
Insert into CURRENCY (CURRENCYID,CURRENCYSHORTNAME,CURRENCYNAME,CURRENCYIMAGEPATH) values (42,'US Dollar','US dollar','resources/report_templates/images/us_dollar.jpg');
REM INSERTING into CUSTOMBROKER
SET DEFINE OFF;
Insert into CUSTOMBROKER (CUSTOMBROKERID,CUSTOMBROKERNAME,CUSTOMBROKERPHONE,CUSTOMBROKERFAX,CUSTOMBROKERTOLLFREE,CUSTOMBROKERCONTACT) values (1,'AFFILIATED CUSTOM BROKER','(905) 262-4815','(905) 262-5585','24/7 -- T:(519)250-8404 F:(519)262-5585',null);
Insert into CUSTOMBROKER (CUSTOMBROKERID,CUSTOMBROKERNAME,CUSTOMBROKERPHONE,CUSTOMBROKERFAX,CUSTOMBROKERTOLLFREE,CUSTOMBROKERCONTACT) values (21,'Livi','123123','213434','234234','contact1');
Insert into CUSTOMBROKER (CUSTOMBROKERID,CUSTOMBROKERNAME,CUSTOMBROKERPHONE,CUSTOMBROKERFAX,CUSTOMBROKERTOLLFREE,CUSTOMBROKERCONTACT) values (41,null,null,null,null,null);
Insert into CUSTOMBROKER (CUSTOMBROKERID,CUSTOMBROKERNAME,CUSTOMBROKERPHONE,CUSTOMBROKERFAX,CUSTOMBROKERTOLLFREE,CUSTOMBROKERCONTACT) values (61,'As Per Paperwork','-','-','-','-');
REM INSERTING into LOADCONFIRMATION
SET DEFINE OFF;
Insert into LOADCONFIRMATION (LCID,LCNO,LCAGREEDRATE,LCCURRENCYID,LCQUANTITY,LCLOADTYPEID,LCCARRIERID,LCCUSTOMBROKERID,LCNOTE,LCCREATED,LCCREATEDBY) values (264,'26080',300,41,2,1,62,41,'Description: 1735 Lbs.
',to_date('10-11-30','RR-MM-DD'),1);
Insert into LOADCONFIRMATION (LCID,LCNO,LCAGREEDRATE,LCCURRENCYID,LCQUANTITY,LCLOADTYPEID,LCCARRIERID,LCCUSTOMBROKERID,LCNOTE,LCCREATED,LCCREATEDBY) values (266,'26081',450,41,6,1,62,41,'Description: 4072 Lbs.
',to_date('10-11-30','RR-MM-DD'),1);
Insert into LOADCONFIRMATION (LCID,LCNO,LCAGREEDRATE,LCCURRENCYID,LCQUANTITY,LCLOADTYPEID,LCCARRIERID,LCCUSTOMBROKERID,LCNOTE,LCCREATED,LCCREATEDBY) values (322,'26315',325,41,1,1,62,41,null,to_date('10-12-14','RR-MM-DD'),1);
Insert into LOADCONFIRMATION (LCID,LCNO,LCAGREEDRATE,LCCURRENCYID,LCQUANTITY,LCLOADTYPEID,LCCARRIERID,LCCUSTOMBROKERID,LCNOTE,LCCREATED,LCCREATEDBY) values (344,'26511',800,41,9,1,81,61,'5180 Lbs.',to_date('10-12-28','RR-MM-DD'),1);
Insert into LOADCONFIRMATION (LCID,LCNO,LCAGREEDRATE,LCCURRENCYID,LCQUANTITY,LCLOADTYPEID,LCCARRIERID,LCCUSTOMBROKERID,LCNOTE,LCCREATED,LCCREATEDBY) values (366,'27691',500,41,6,1,62,41,'552 lbs',to_date('11-02-24','RR-MM-DD'),1);
Insert into LOADCONFIRMATION (LCID,LCNO,LCAGREEDRATE,LCCURRENCYID,LCQUANTITY,LCLOADTYPEID,LCCARRIERID,LCCUSTOMBROKERID,LCNOTE,LCCREATED,LCCREATEDBY) values (382,'27953',300,41,1,1,62,41,'1155 #',to_date('11-03-23','RR-MM-DD'),1);
Insert into LOADCONFIRMATION (LCID,LCNO,LCAGREEDRATE,LCCURRENCYID,LCQUANTITY,LCLOADTYPEID,LCCARRIERID,LCCUSTOMBROKERID,LCNOTE,LCCREATED,LCCREATEDBY) values (424,'28056',900,41,13,1,101,41,'9386 Lbs. - Total Weight.
Call For PickUp Appointment. ',to_date('11-03-29','RR-MM-DD'),1);
Insert into LOADCONFIRMATION (LCID,LCNO,LCAGREEDRATE,LCCURRENCYID,LCQUANTITY,LCLOADTYPEID,LCCARRIERID,LCCUSTOMBROKERID,LCNOTE,LCCREATED,LCCREATEDBY) values (404,'27977',600,41,10,1,62,41,'10 LBS',to_date('11-03-24','RR-MM-DD'),1);
Insert into LOADCONFIRMATION (LCID,LCNO,LCAGREEDRATE,LCCURRENCYID,LCQUANTITY,LCLOADTYPEID,LCCARRIERID,LCCUSTOMBROKERID,LCNOTE,LCCREATED,LCCREATEDBY) values (482,'28249',300,41,1,1,62,61,'832#',to_date('11-04-07','RR-MM-DD'),1);
Insert into LOADCONFIRMATION (LCID,LCNO,LCAGREEDRATE,LCCURRENCYID,LCQUANTITY,LCLOADTYPEID,LCCARRIERID,LCCUSTOMBROKERID,LCNOTE,LCCREATED,LCCREATEDBY) values (444,'28146',500,41,3,1,122,61,'Shipper #1 - close at 6.00 p.m.',to_date('11-04-01','RR-MM-DD'),1);
Insert into LOADCONFIRMATION (LCID,LCNO,LCAGREEDRATE,LCCURRENCYID,LCQUANTITY,LCLOADTYPEID,LCCARRIERID,LCCUSTOMBROKERID,LCNOTE,LCCREATED,LCCREATEDBY) values (462,'28244',425,41,2,1,81,61,'2 Oversized Skids
(57X44X43) & (57X44X15)
827 #
',to_date('11-04-06','RR-MM-DD'),1);
Insert into LOADCONFIRMATION (LCID,LCNO,LCAGREEDRATE,LCCURRENCYID,LCQUANTITY,LCLOADTYPEID,LCCARRIERID,LCCUSTOMBROKERID,LCNOTE,LCCREATED,LCCREATEDBY) values (502,'28338',400,41,1,1,141,61,'750#',to_date('11-04-12','RR-MM-DD'),1);
Insert into LOADCONFIRMATION (LCID,LCNO,LCAGREEDRATE,LCCURRENCYID,LCQUANTITY,LCLOADTYPEID,LCCARRIERID,LCCUSTOMBROKERID,LCNOTE,LCCREATED,LCCREATEDBY) values (522,'28871',725,41,12,1,62,61,'8508 LBS',to_date('11-05-12','RR-MM-DD'),1);
Insert into LOADCONFIRMATION (LCID,LCNO,LCAGREEDRATE,LCCURRENCYID,LCQUANTITY,LCLOADTYPEID,LCCARRIERID,LCCUSTOMBROKERID,LCNOTE,LCCREATED,LCCREATEDBY) values (542,'29109',575,41,7,1,62,61,'10007 #',to_date('11-05-26','RR-MM-DD'),1);
Insert into LOADCONFIRMATION (LCID,LCNO,LCAGREEDRATE,LCCURRENCYID,LCQUANTITY,LCLOADTYPEID,LCCARRIERID,LCCUSTOMBROKERID,LCNOTE,LCCREATED,LCCREATEDBY) values (602,'30310',450,41,4,1,62,61,null,to_date('11-08-08','RR-MM-DD'),1);
Insert into LOADCONFIRMATION (LCID,LCNO,LCAGREEDRATE,LCCURRENCYID,LCQUANTITY,LCLOADTYPEID,LCCARRIERID,LCCUSTOMBROKERID,LCNOTE,LCCREATED,LCCREATEDBY) values (564,'29374',375,41,2,1,62,61,'1285#',to_date('11-06-10','RR-MM-DD'),1);
Insert into LOADCONFIRMATION (LCID,LCNO,LCAGREEDRATE,LCCURRENCYID,LCQUANTITY,LCLOADTYPEID,LCCARRIERID,LCCUSTOMBROKERID,LCNOTE,LCCREATED,LCCREATEDBY) values (582,'29452',385,41,2,1,62,61,'2300 lbs',to_date('11-06-15','RR-MM-DD'),1);
Insert into LOADCONFIRMATION (LCID,LCNO,LCAGREEDRATE,LCCURRENCYID,LCQUANTITY,LCLOADTYPEID,LCCARRIERID,LCCUSTOMBROKERID,LCNOTE,LCCREATED,LCCREATEDBY) values (622,'30560',650,41,7,1,62,61,'5200 #',to_date('11-08-23','RR-MM-DD'),1);
Insert into LOADCONFIRMATION (LCID,LCNO,LCAGREEDRATE,LCCURRENCYID,LCQUANTITY,LCLOADTYPEID,LCCARRIERID,LCCUSTOMBROKERID,LCNOTE,LCCREATED,LCCREATEDBY) values (642,'31692',750,41,11,1,62,61,'20200 LBS.',to_date('11-10-28','RR-MM-DD'),1);
Insert into LOADCONFIRMATION (LCID,LCNO,LCAGREEDRATE,LCCURRENCYID,LCQUANTITY,LCLOADTYPEID,LCCARRIERID,LCCUSTOMBROKERID,LCNOTE,LCCREATED,LCCREATEDBY) values (662,'31830',500,41,5,1,62,61,'7100 lbs',to_date('11-11-04','RR-MM-DD'),1);
Insert into LOADCONFIRMATION (LCID,LCNO,LCAGREEDRATE,LCCURRENCYID,LCQUANTITY,LCLOADTYPEID,LCCARRIERID,LCCUSTOMBROKERID,LCNOTE,LCCREATED,LCCREATEDBY) values (684,'12',1000,41,53,21,161,61,null,to_date('11-12-05','RR-MM-DD'),1);
Insert into LOADCONFIRMATION (LCID,LCNO,LCAGREEDRATE,LCCURRENCYID,LCQUANTITY,LCLOADTYPEID,LCCARRIERID,LCCUSTOMBROKERID,LCNOTE,LCCREATED,LCCREATEDBY) values (702,'32579',260,41,1,1,181,61,null,to_date('11-12-16','RR-MM-DD'),1);
Insert into LOADCONFIRMATION (LCID,LCNO,LCAGREEDRATE,LCCURRENCYID,LCQUANTITY,LCLOADTYPEID,LCCARRIERID,LCCUSTOMBROKERID,LCNOTE,LCCREATED,LCCREATEDBY) values (724,'34800',650,41,9,1,62,61,null,to_date('12-05-03','RR-MM-DD'),1);
Insert into LOADCONFIRMATION (LCID,LCNO,LCAGREEDRATE,LCCURRENCYID,LCQUANTITY,LCLOADTYPEID,LCCARRIERID,LCCUSTOMBROKERID,LCNOTE,LCCREATED,LCCREATEDBY) values (742,'35190',650,41,8,1,62,61,'8550 LBS',to_date('12-05-25','RR-MM-DD'),1);
Insert into LOADCONFIRMATION (LCID,LCNO,LCAGREEDRATE,LCCURRENCYID,LCQUANTITY,LCLOADTYPEID,LCCARRIERID,LCCUSTOMBROKERID,LCNOTE,LCCREATED,LCCREATEDBY) values (764,'36297',875,41,24,1,201,61,null,to_date('12-07-26','RR-MM-DD'),1);
Insert into LOADCONFIRMATION (LCID,LCNO,LCAGREEDRATE,LCCURRENCYID,LCQUANTITY,LCLOADTYPEID,LCCARRIERID,LCCUSTOMBROKERID,LCNOTE,LCCREATED,LCCREATEDBY) values (782,'36690',500,41,5,1,62,61,'8700 LBS',to_date('12-08-17','RR-MM-DD'),1);
Insert into LOADCONFIRMATION (LCID,LCNO,LCAGREEDRATE,LCCURRENCYID,LCQUANTITY,LCLOADTYPEID,LCCARRIERID,LCCUSTOMBROKERID,LCNOTE,LCCREATED,LCCREATEDBY) values (802,'36951',625,41,8,1,62,61,'9000 LBS',to_date('12-08-31','RR-MM-DD'),1);
Insert into LOADCONFIRMATION (LCID,LCNO,LCAGREEDRATE,LCCURRENCYID,LCQUANTITY,LCLOADTYPEID,LCCARRIERID,LCCUSTOMBROKERID,LCNOTE,LCCREATED,LCCREATEDBY) values (822,'38138',500,41,0,1,62,61,null,to_date('12-11-12','RR-MM-DD'),1);
Insert into LOADCONFIRMATION (LCID,LCNO,LCAGREEDRATE,LCCURRENCYID,LCQUANTITY,LCLOADTYPEID,LCCARRIERID,LCCUSTOMBROKERID,LCNOTE,LCCREATED,LCCREATEDBY) values (842,'38266',575,41,6,1,62,61,'9600 LBS',to_date('12-11-20','RR-MM-DD'),1);
Insert into LOADCONFIRMATION (LCID,LCNO,LCAGREEDRATE,LCCURRENCYID,LCQUANTITY,LCLOADTYPEID,LCCARRIERID,LCCUSTOMBROKERID,LCNOTE,LCCREATED,LCCREATEDBY) values (862,'38638',650,41,12,1,221,61,'Note1. 10712 LBS    Note 2. Del. by Fri. Please schedule Delivery appt.!!',to_date('12-12-11','RR-MM-DD'),1);
Insert into LOADCONFIRMATION (LCID,LCNO,LCAGREEDRATE,LCCURRENCYID,LCQUANTITY,LCLOADTYPEID,LCCARRIERID,LCCUSTOMBROKERID,LCNOTE,LCCREATED,LCCREATEDBY) values (882,'38693',825,41,12,1,62,61,null,to_date('12-12-13','RR-MM-DD'),1);
Insert into LOADCONFIRMATION (LCID,LCNO,LCAGREEDRATE,LCCURRENCYID,LCQUANTITY,LCLOADTYPEID,LCCARRIERID,LCCUSTOMBROKERID,LCNOTE,LCCREATED,LCCREATEDBY) values (904,'39694',3000,41,18,1,241,61,'Please call the receiver to schedule delivery appt!!',to_date('13-02-19','RR-MM-DD'),1);
Insert into LOADCONFIRMATION (LCID,LCNO,LCAGREEDRATE,LCCURRENCYID,LCQUANTITY,LCLOADTYPEID,LCCARRIERID,LCCUSTOMBROKERID,LCNOTE,LCCREATED,LCCREATEDBY) values (924,'39716',2200,41,0,1,241,61,'NOTE 1. FULL LOAD.  NOTE 2. PLEASE CALL FOR APPT.',to_date('13-02-20','RR-MM-DD'),1);
Insert into LOADCONFIRMATION (LCID,LCNO,LCAGREEDRATE,LCCURRENCYID,LCQUANTITY,LCLOADTYPEID,LCCARRIERID,LCCUSTOMBROKERID,LCNOTE,LCCREATED,LCCREATEDBY) values (926,'39717',1000,41,6,1,241,61,'NOTE 1. PLEASE CALL FOR APPT.',to_date('13-02-20','RR-MM-DD'),1);
Insert into LOADCONFIRMATION (LCID,LCNO,LCAGREEDRATE,LCCURRENCYID,LCQUANTITY,LCLOADTYPEID,LCCARRIERID,LCCUSTOMBROKERID,LCNOTE,LCCREATED,LCCREATEDBY) values (964,'40334',800,41,1,1,201,61,'Full Load. 116113 - delivery. 8:00 am 03/27/2013',to_date('13-03-26','RR-MM-DD'),1);
Insert into LOADCONFIRMATION (LCID,LCNO,LCAGREEDRATE,LCCURRENCYID,LCQUANTITY,LCLOADTYPEID,LCCARRIERID,LCCUSTOMBROKERID,LCNOTE,LCCREATED,LCCREATEDBY) values (950,'40204',2000,41,19,1,261,61,null,to_date('13-03-19','RR-MM-DD'),1);
Insert into LOADCONFIRMATION (LCID,LCNO,LCAGREEDRATE,LCCURRENCYID,LCQUANTITY,LCLOADTYPEID,LCCARRIERID,LCCUSTOMBROKERID,LCNOTE,LCCREATED,LCCREATEDBY) values (982,'40909',750,41,10,1,62,61,null,to_date('13-04-29','RR-MM-DD'),1);
Insert into LOADCONFIRMATION (LCID,LCNO,LCAGREEDRATE,LCCURRENCYID,LCQUANTITY,LCLOADTYPEID,LCCARRIERID,LCCUSTOMBROKERID,LCNOTE,LCCREATED,LCCREATEDBY) values (1002,'41302',850,41,17,1,281,61,'5710 LBS.
',to_date('13-05-23','RR-MM-DD'),1);
Insert into LOADCONFIRMATION (LCID,LCNO,LCAGREEDRATE,LCCURRENCYID,LCQUANTITY,LCLOADTYPEID,LCCARRIERID,LCCUSTOMBROKERID,LCNOTE,LCCREATED,LCCREATEDBY) values (1022,'42188',650,41,13,1,301,61,'13 skids. 6539 LBS. DHL - Custom broker. ',to_date('13-07-18','RR-MM-DD'),1);
Insert into LOADCONFIRMATION (LCID,LCNO,LCAGREEDRATE,LCCURRENCYID,LCQUANTITY,LCLOADTYPEID,LCCARRIERID,LCCUSTOMBROKERID,LCNOTE,LCCREATED,LCCREATEDBY) values (1042,'42260',650,41,12,1,301,61,'12 skids. 5980 LBS. DHL- Custom Broker. ',to_date('13-07-22','RR-MM-DD'),1);
Insert into LOADCONFIRMATION (LCID,LCNO,LCAGREEDRATE,LCCURRENCYID,LCQUANTITY,LCLOADTYPEID,LCCARRIERID,LCCUSTOMBROKERID,LCNOTE,LCCREATED,LCCREATEDBY) values (1062,'42515',625,41,7,1,62,61,'6346 LBS. ',to_date('13-08-06','RR-MM-DD'),1);
Insert into LOADCONFIRMATION (LCID,LCNO,LCAGREEDRATE,LCCURRENCYID,LCQUANTITY,LCLOADTYPEID,LCCARRIERID,LCCUSTOMBROKERID,LCNOTE,LCCREATED,LCCREATEDBY) values (1082,'46632',450,41,4,1,201,61,'4 skids - 5 skid spots 2346 LBS',to_date('14-04-09','RR-MM-DD'),1);
Insert into LOADCONFIRMATION (LCID,LCNO,LCAGREEDRATE,LCCURRENCYID,LCQUANTITY,LCLOADTYPEID,LCCARRIERID,LCCUSTOMBROKERID,LCNOTE,LCCREATED,LCCREATEDBY) values (1108,'46895',425,41,5,1,321,61,'10 feet of trailer. 10,000LBS',to_date('14-04-24','RR-MM-DD'),1);
Insert into LOADCONFIRMATION (LCID,LCNO,LCAGREEDRATE,LCCURRENCYID,LCQUANTITY,LCLOADTYPEID,LCCARRIERID,LCCUSTOMBROKERID,LCNOTE,LCCREATED,LCCREATEDBY) values (1110,'46897',425.5,41,5,1,321,61,'10 FEET OF TRAILER. 10,000 LBS. A& A CUSTOM BROKER',to_date('14-04-24','RR-MM-DD'),1);
Insert into LOADCONFIRMATION (LCID,LCNO,LCAGREEDRATE,LCCURRENCYID,LCQUANTITY,LCLOADTYPEID,LCCARRIERID,LCCUSTOMBROKERID,LCNOTE,LCCREATED,LCCREATEDBY) values (1152,'1',1,42,1,21,321,61,'sdfdg',to_date('21-01-07','RR-MM-DD'),1);
Insert into LOADCONFIRMATION (LCID,LCNO,LCAGREEDRATE,LCCURRENCYID,LCQUANTITY,LCLOADTYPEID,LCCARRIERID,LCCUSTOMBROKERID,LCNOTE,LCCREATED,LCCREATEDBY) values (1154,'2',2,42,2,21,321,61,null,to_date('21-01-07','RR-MM-DD'),1);
Insert into LOADCONFIRMATION (LCID,LCNO,LCAGREEDRATE,LCCURRENCYID,LCQUANTITY,LCLOADTYPEID,LCCARRIERID,LCCUSTOMBROKERID,LCNOTE,LCCREATED,LCCREATEDBY) values (1156,'3',3,42,3,21,321,1,'some notes',to_date('21-01-07','RR-MM-DD'),1);
Insert into LOADCONFIRMATION (LCID,LCNO,LCAGREEDRATE,LCCURRENCYID,LCQUANTITY,LCLOADTYPEID,LCCARRIERID,LCCUSTOMBROKERID,LCNOTE,LCCREATED,LCCREATEDBY) values (1158,'5',4,42,4,21,321,61,null,to_date('21-01-07','RR-MM-DD'),1);
Insert into LOADCONFIRMATION (LCID,LCNO,LCAGREEDRATE,LCCURRENCYID,LCQUANTITY,LCLOADTYPEID,LCCARRIERID,LCCUSTOMBROKERID,LCNOTE,LCCREATED,LCCREATEDBY) values (1182,'6666',6666,81,6666,21,62,61,'asdf',to_date('21-01-13','RR-MM-DD'),1);
Insert into LOADCONFIRMATION (LCID,LCNO,LCAGREEDRATE,LCCURRENCYID,LCQUANTITY,LCLOADTYPEID,LCCARRIERID,LCCUSTOMBROKERID,LCNOTE,LCCREATED,LCCREATEDBY) values (1202,'77',1000,81,1,21,321,1,'Full load of paper',to_date('21-01-17','RR-MM-DD'),1);
Insert into LOADCONFIRMATION (LCID,LCNO,LCAGREEDRATE,LCCURRENCYID,LCQUANTITY,LCLOADTYPEID,LCCARRIERID,LCCUSTOMBROKERID,LCNOTE,LCCREATED,LCCREATEDBY) values (1177,'555',55,42,55,21,62,1,null,to_date('21-01-09','RR-MM-DD'),1);
Insert into LOADCONFIRMATION (LCID,LCNO,LCAGREEDRATE,LCCURRENCYID,LCQUANTITY,LCLOADTYPEID,LCCARRIERID,LCCUSTOMBROKERID,LCNOTE,LCCREATED,LCCREATEDBY) values (1222,'13131234',1000,42,1,21,241,61,'Full Truck Load. Must be delivered by Monday!!!!',to_date('21-07-12','RR-MM-DD'),1);
REM INSERTING into LOADTYPE
SET DEFINE OFF;
Insert into LOADTYPE (LOADTYPEID,LOADTYPENAME) values (1,'skid');
Insert into LOADTYPE (LOADTYPEID,LOADTYPENAME) values (2,'Roll');
Insert into LOADTYPE (LOADTYPEID,LOADTYPENAME) values (3,'Piece');
Insert into LOADTYPE (LOADTYPEID,LOADTYPENAME) values (4,'Can');
Insert into LOADTYPE (LOADTYPEID,LOADTYPENAME) values (21,'FTL');
REM INSERTING into SHIPPER
SET DEFINE OFF;
Insert into SHIPPER (SHIPPERID,SHIPPERNAME,SHIPPERADDRESS,SHIPPERCITY,SHIPPERSTATE,SHIPPERCOUNTRY,SHIPPERPOSTALCODE,SHIPPERPHONE,SHIPPERFAX,SHIPPERTOLLFREE,SHIPPERCONTACT) values (42,'SSA','811 Dnister Road','Macedonia','OH','USA','13093',null,null,null,'Alex');
Insert into SHIPPER (SHIPPERID,SHIPPERNAME,SHIPPERADDRESS,SHIPPERCITY,SHIPPERSTATE,SHIPPERCOUNTRY,SHIPPERPOSTALCODE,SHIPPERPHONE,SHIPPERFAX,SHIPPERTOLLFREE,SHIPPERCONTACT) values (43,'TWIST PRINTING','100 Master Parkway','Twinsburg','OH','USA','45623',null,null,null,'John');
Insert into SHIPPER (SHIPPERID,SHIPPERNAME,SHIPPERADDRESS,SHIPPERCITY,SHIPPERSTATE,SHIPPERCOUNTRY,SHIPPERPOSTALCODE,SHIPPERPHONE,SHIPPERFAX,SHIPPERTOLLFREE,SHIPPERCONTACT) values (61,'Master Art Cover & Binding Co','2700 Amelia Dr.','Strongsville','OH','USA','44149',null,null,null,'Tony');
Insert into SHIPPER (SHIPPERID,SHIPPERNAME,SHIPPERADDRESS,SHIPPERCITY,SHIPPERSTATE,SHIPPERCOUNTRY,SHIPPERPOSTALCODE,SHIPPERPHONE,SHIPPERFAX,SHIPPERTOLLFREE,SHIPPERCONTACT) values (81,'XETNEL','902 BUILDING LANE','North Walpole','NH','USA','03609','(603)-445-4542',null,null,'Wolter');
Insert into SHIPPER (SHIPPERID,SHIPPERNAME,SHIPPERADDRESS,SHIPPERCITY,SHIPPERSTATE,SHIPPERCOUNTRY,SHIPPERPOSTALCODE,SHIPPERPHONE,SHIPPERFAX,SHIPPERTOLLFREE,SHIPPERCONTACT) values (101,'Cross Manufacturing Inc','23 Basic Dr','Mississauga','ON','CANADA','L4V 1P6','(905) 677-1277',null,null,'Sasha');
Insert into SHIPPER (SHIPPERID,SHIPPERNAME,SHIPPERADDRESS,SHIPPERCITY,SHIPPERSTATE,SHIPPERCOUNTRY,SHIPPERPOSTALCODE,SHIPPERPHONE,SHIPPERFAX,SHIPPERTOLLFREE,SHIPPERCONTACT) values (121,'Fire Express Ltd','11 South Service Rd N','Oakville','ON','Canada','L6H9A6','(905) 901-2211','(905) 901-2210','(800) 901-2211','Jacob, Lissa, Smith');
Insert into SHIPPER (SHIPPERID,SHIPPERNAME,SHIPPERADDRESS,SHIPPERCITY,SHIPPERSTATE,SHIPPERCOUNTRY,SHIPPERPOSTALCODE,SHIPPERPHONE,SHIPPERFAX,SHIPPERTOLLFREE,SHIPPERCONTACT) values (141,'Fire Express','11 South Service Rd N','Oakville','On','Canada','L6H-9A6','(905) 901-2211','(905) 901-2210','(800) 901-2211','Jacob, Lissa, Smith');
Insert into SHIPPER (SHIPPERID,SHIPPERNAME,SHIPPERADDRESS,SHIPPERCITY,SHIPPERSTATE,SHIPPERCOUNTRY,SHIPPERPOSTALCODE,SHIPPERPHONE,SHIPPERFAX,SHIPPERTOLLFREE,SHIPPERCONTACT) values (161,'TTP Logistics Transportation','1011 North Service Rd E','Oakville','ON','CANADA','L6H 4N7','905-845-7023',null,null,'Corey, Frank');
Insert into SHIPPER (SHIPPERID,SHIPPERNAME,SHIPPERADDRESS,SHIPPERCITY,SHIPPERSTATE,SHIPPERCOUNTRY,SHIPPERPOSTALCODE,SHIPPERPHONE,SHIPPERFAX,SHIPPERTOLLFREE,SHIPPERCONTACT) values (181,'CANATRONICS','35 Garlik ROAD','BRANTFORD','CT','USA','06405','203-483-8331','-','-','Nick');
REM INSERTING into SHIPPER_REF
SET DEFINE OFF;
Insert into SHIPPER_REF (SHIPPER_REFID,LCID,SHIPPERID,SHIPPERDATE,SHIPPERTIME) values (122,264,42,to_date('10-11-29','RR-MM-DD'),null);
Insert into SHIPPER_REF (SHIPPER_REFID,LCID,SHIPPERID,SHIPPERDATE,SHIPPERTIME) values (123,266,43,to_date('10-11-29','RR-MM-DD'),null);
Insert into SHIPPER_REF (SHIPPER_REFID,LCID,SHIPPERID,SHIPPERDATE,SHIPPERTIME) values (141,322,61,to_date('10-12-14','RR-MM-DD'),null);
Insert into SHIPPER_REF (SHIPPER_REFID,LCID,SHIPPERID,SHIPPERDATE,SHIPPERTIME) values (161,344,81,to_date('10-12-28','RR-MM-DD'),null);
Insert into SHIPPER_REF (SHIPPER_REFID,LCID,SHIPPERID,SHIPPERDATE,SHIPPERTIME) values (181,366,42,to_date('11-02-24','RR-MM-DD'),null);
Insert into SHIPPER_REF (SHIPPER_REFID,LCID,SHIPPERID,SHIPPERDATE,SHIPPERTIME) values (201,382,43,to_date('11-03-23','RR-MM-DD'),null);
Insert into SHIPPER_REF (SHIPPER_REFID,LCID,SHIPPERID,SHIPPERDATE,SHIPPERTIME) values (301,482,43,to_date('11-04-07','RR-MM-DD'),null);
Insert into SHIPPER_REF (SHIPPER_REFID,LCID,SHIPPERID,SHIPPERDATE,SHIPPERTIME) values (222,404,42,to_date('11-03-25','RR-MM-DD'),null);
Insert into SHIPPER_REF (SHIPPER_REFID,LCID,SHIPPERID,SHIPPERDATE,SHIPPERTIME) values (241,424,101,to_date('11-03-29','RR-MM-DD'),null);
Insert into SHIPPER_REF (SHIPPER_REFID,LCID,SHIPPERID,SHIPPERDATE,SHIPPERTIME) values (262,444,81,to_date('11-04-01','RR-MM-DD'),null);
Insert into SHIPPER_REF (SHIPPER_REFID,LCID,SHIPPERID,SHIPPERDATE,SHIPPERTIME) values (281,462,81,to_date('11-04-06','RR-MM-DD'),null);
Insert into SHIPPER_REF (SHIPPER_REFID,LCID,SHIPPERID,SHIPPERDATE,SHIPPERTIME) values (321,502,81,to_date('11-04-12','RR-MM-DD'),null);
Insert into SHIPPER_REF (SHIPPER_REFID,LCID,SHIPPERID,SHIPPERDATE,SHIPPERTIME) values (341,522,42,to_date('11-05-12','RR-MM-DD'),null);
Insert into SHIPPER_REF (SHIPPER_REFID,LCID,SHIPPERID,SHIPPERDATE,SHIPPERTIME) values (361,542,61,to_date('11-05-26','RR-MM-DD'),null);
Insert into SHIPPER_REF (SHIPPER_REFID,LCID,SHIPPERID,SHIPPERDATE,SHIPPERTIME) values (421,602,61,to_date('11-08-08','RR-MM-DD'),null);
Insert into SHIPPER_REF (SHIPPER_REFID,LCID,SHIPPERID,SHIPPERDATE,SHIPPERTIME) values (382,564,43,to_date('11-06-10','RR-MM-DD'),null);
Insert into SHIPPER_REF (SHIPPER_REFID,LCID,SHIPPERID,SHIPPERDATE,SHIPPERTIME) values (401,582,61,to_date('11-06-15','RR-MM-DD'),null);
Insert into SHIPPER_REF (SHIPPER_REFID,LCID,SHIPPERID,SHIPPERDATE,SHIPPERTIME) values (441,622,42,to_date('11-08-24','RR-MM-DD'),null);
Insert into SHIPPER_REF (SHIPPER_REFID,LCID,SHIPPERID,SHIPPERDATE,SHIPPERTIME) values (461,642,61,to_date('11-10-31','RR-MM-DD'),null);
Insert into SHIPPER_REF (SHIPPER_REFID,LCID,SHIPPERID,SHIPPERDATE,SHIPPERTIME) values (481,662,61,to_date('11-11-04','RR-MM-DD'),null);
Insert into SHIPPER_REF (SHIPPER_REFID,LCID,SHIPPERID,SHIPPERDATE,SHIPPERTIME) values (501,684,42,to_date('11-12-05','RR-MM-DD'),null);
Insert into SHIPPER_REF (SHIPPER_REFID,LCID,SHIPPERID,SHIPPERDATE,SHIPPERTIME) values (521,702,121,to_date('11-12-16','RR-MM-DD'),null);
Insert into SHIPPER_REF (SHIPPER_REFID,LCID,SHIPPERID,SHIPPERDATE,SHIPPERTIME) values (541,724,42,to_date('12-05-03','RR-MM-DD'),null);
Insert into SHIPPER_REF (SHIPPER_REFID,LCID,SHIPPERID,SHIPPERDATE,SHIPPERTIME) values (561,742,61,to_date('12-05-25','RR-MM-DD'),null);
Insert into SHIPPER_REF (SHIPPER_REFID,LCID,SHIPPERID,SHIPPERDATE,SHIPPERTIME) values (581,764,141,to_date('12-07-26','RR-MM-DD'),null);
Insert into SHIPPER_REF (SHIPPER_REFID,LCID,SHIPPERID,SHIPPERDATE,SHIPPERTIME) values (601,782,61,to_date('12-08-17','RR-MM-DD'),null);
Insert into SHIPPER_REF (SHIPPER_REFID,LCID,SHIPPERID,SHIPPERDATE,SHIPPERTIME) values (621,802,42,to_date('12-09-04','RR-MM-DD'),null);
Insert into SHIPPER_REF (SHIPPER_REFID,LCID,SHIPPERID,SHIPPERDATE,SHIPPERTIME) values (641,822,43,to_date('12-11-12','RR-MM-DD'),null);
Insert into SHIPPER_REF (SHIPPER_REFID,LCID,SHIPPERID,SHIPPERDATE,SHIPPERTIME) values (661,842,61,to_date('12-11-20','RR-MM-DD'),null);
Insert into SHIPPER_REF (SHIPPER_REFID,LCID,SHIPPERID,SHIPPERDATE,SHIPPERTIME) values (681,862,101,to_date('12-12-11','RR-MM-DD'),null);
Insert into SHIPPER_REF (SHIPPER_REFID,LCID,SHIPPERID,SHIPPERDATE,SHIPPERTIME) values (701,882,42,to_date('12-12-13','RR-MM-DD'),null);
Insert into SHIPPER_REF (SHIPPER_REFID,LCID,SHIPPERID,SHIPPERDATE,SHIPPERTIME) values (721,904,101,to_date('13-02-19','RR-MM-DD'),null);
Insert into SHIPPER_REF (SHIPPER_REFID,LCID,SHIPPERID,SHIPPERDATE,SHIPPERTIME) values (741,924,101,to_date('13-02-20','RR-MM-DD'),null);
Insert into SHIPPER_REF (SHIPPER_REFID,LCID,SHIPPERID,SHIPPERDATE,SHIPPERTIME) values (742,926,101,to_date('13-02-20','RR-MM-DD'),null);
Insert into SHIPPER_REF (SHIPPER_REFID,LCID,SHIPPERID,SHIPPERDATE,SHIPPERTIME) values (801,982,61,to_date('13-04-30','RR-MM-DD'),null);
Insert into SHIPPER_REF (SHIPPER_REFID,LCID,SHIPPERID,SHIPPERDATE,SHIPPERTIME) values (762,950,101,to_date('13-03-19','RR-MM-DD'),null);
Insert into SHIPPER_REF (SHIPPER_REFID,LCID,SHIPPERID,SHIPPERDATE,SHIPPERTIME) values (781,964,141,to_date('13-03-26','RR-MM-DD'),null);
Insert into SHIPPER_REF (SHIPPER_REFID,LCID,SHIPPERID,SHIPPERDATE,SHIPPERTIME) values (821,1002,61,to_date('13-05-24','RR-MM-DD'),null);
Insert into SHIPPER_REF (SHIPPER_REFID,LCID,SHIPPERID,SHIPPERDATE,SHIPPERTIME) values (841,1022,43,to_date('13-07-18','RR-MM-DD'),null);
Insert into SHIPPER_REF (SHIPPER_REFID,LCID,SHIPPERID,SHIPPERDATE,SHIPPERTIME) values (861,1042,43,to_date('13-07-22','RR-MM-DD'),null);
Insert into SHIPPER_REF (SHIPPER_REFID,LCID,SHIPPERID,SHIPPERDATE,SHIPPERTIME) values (881,1062,42,to_date('13-08-06','RR-MM-DD'),null);
Insert into SHIPPER_REF (SHIPPER_REFID,LCID,SHIPPERID,SHIPPERDATE,SHIPPERTIME) values (901,1082,161,to_date('14-04-07','RR-MM-DD'),null);
Insert into SHIPPER_REF (SHIPPER_REFID,LCID,SHIPPERID,SHIPPERDATE,SHIPPERTIME) values (923,1108,181,to_date('14-04-25','RR-MM-DD'),null);
Insert into SHIPPER_REF (SHIPPER_REFID,LCID,SHIPPERID,SHIPPERDATE,SHIPPERTIME) values (924,1110,181,to_date('14-04-25','RR-MM-DD'),null);
Insert into SHIPPER_REF (SHIPPER_REFID,LCID,SHIPPERID,SHIPPERDATE,SHIPPERTIME) values (941,1152,181,to_date('21-01-07','RR-MM-DD'),null);
Insert into SHIPPER_REF (SHIPPER_REFID,LCID,SHIPPERID,SHIPPERDATE,SHIPPERTIME) values (942,1154,121,to_date('21-01-07','RR-MM-DD'),null);
Insert into SHIPPER_REF (SHIPPER_REFID,LCID,SHIPPERID,SHIPPERDATE,SHIPPERTIME) values (943,1156,141,to_date('21-01-07','RR-MM-DD'),null);
Insert into SHIPPER_REF (SHIPPER_REFID,LCID,SHIPPERID,SHIPPERDATE,SHIPPERTIME) values (983,1177,181,to_date('19-01-09','RR-MM-DD'),null);
Insert into SHIPPER_REF (SHIPPER_REFID,LCID,SHIPPERID,SHIPPERDATE,SHIPPERTIME) values (986,1182,81,to_date('21-01-13','RR-MM-DD'),null);
Insert into SHIPPER_REF (SHIPPER_REFID,LCID,SHIPPERID,SHIPPERDATE,SHIPPERTIME) values (1001,1158,181,to_date('21-01-07','RR-MM-DD'),null);
Insert into SHIPPER_REF (SHIPPER_REFID,LCID,SHIPPERID,SHIPPERDATE,SHIPPERTIME) values (984,1177,181,to_date('09-01-10','RR-MM-DD'),null);
Insert into SHIPPER_REF (SHIPPER_REFID,LCID,SHIPPERID,SHIPPERDATE,SHIPPERTIME) values (1002,1202,181,to_date('21-01-17','RR-MM-DD'),'11:00');
Insert into SHIPPER_REF (SHIPPER_REFID,LCID,SHIPPERID,SHIPPERDATE,SHIPPERTIME) values (1021,1222,181,to_date('21-07-12','RR-MM-DD'),null);
REM INSERTING into USERS
SET DEFINE OFF;
Insert into USERS (ID,FNAME,SNAME,PASSWORD) values (1,'Administrator','-','8c6976e5b5410415bde908bd4dee15dfb167a9c873fc4bb8a81f6f2ab448a918');
Insert into USERS (ID,FNAME,SNAME,PASSWORD) values (49,'Roman','Incognito','8c6976e5b5410415bde908bd4dee15dfb167a9c873fc4bb8a81f6f2ab448a918');
--------------------------------------------------------
--  DDL for Index CONSIGNEE_REF_PK
--------------------------------------------------------

  CREATE UNIQUE INDEX "CONSIGNEE_REF_PK" ON "CONSIGNEE_REF" ("CONSIGNEE_REFID") 
  PCTFREE 10 INITRANS 2 MAXTRANS 255 COMPUTE STATISTICS 
  STORAGE(INITIAL 65536 NEXT 1048576 MINEXTENTS 1 MAXEXTENTS 2147483645
  PCTINCREASE 0 FREELISTS 1 FREELIST GROUPS 1
  BUFFER_POOL DEFAULT FLASH_CACHE DEFAULT CELL_FLASH_CACHE DEFAULT)
  TABLESPACE "SYSTEM" ;
--------------------------------------------------------
--  DDL for Index SHIPPER_REF_PK
--------------------------------------------------------

  CREATE UNIQUE INDEX "SHIPPER_REF_PK" ON "SHIPPER_REF" ("SHIPPER_REFID") 
  PCTFREE 10 INITRANS 2 MAXTRANS 255 COMPUTE STATISTICS 
  STORAGE(INITIAL 65536 NEXT 1048576 MINEXTENTS 1 MAXEXTENTS 2147483645
  PCTINCREASE 0 FREELISTS 1 FREELIST GROUPS 1
  BUFFER_POOL DEFAULT FLASH_CACHE DEFAULT CELL_FLASH_CACHE DEFAULT)
  TABLESPACE "SYSTEM" ;
--------------------------------------------------------
--  DDL for Index CUSTOMBROKER_PK
--------------------------------------------------------

  CREATE UNIQUE INDEX "CUSTOMBROKER_PK" ON "CUSTOMBROKER" ("CUSTOMBROKERID") 
  PCTFREE 10 INITRANS 2 MAXTRANS 255 COMPUTE STATISTICS 
  STORAGE(INITIAL 65536 NEXT 1048576 MINEXTENTS 1 MAXEXTENTS 2147483645
  PCTINCREASE 0 FREELISTS 1 FREELIST GROUPS 1
  BUFFER_POOL DEFAULT FLASH_CACHE DEFAULT CELL_FLASH_CACHE DEFAULT)
  TABLESPACE "SYSTEM" ;
--------------------------------------------------------
--  DDL for Index CARRIER_PK
--------------------------------------------------------

  CREATE UNIQUE INDEX "CARRIER_PK" ON "CARRIER" ("CARRIERID") 
  PCTFREE 10 INITRANS 2 MAXTRANS 255 COMPUTE STATISTICS 
  STORAGE(INITIAL 65536 NEXT 1048576 MINEXTENTS 1 MAXEXTENTS 2147483645
  PCTINCREASE 0 FREELISTS 1 FREELIST GROUPS 1
  BUFFER_POOL DEFAULT FLASH_CACHE DEFAULT CELL_FLASH_CACHE DEFAULT)
  TABLESPACE "SYSTEM" ;
--------------------------------------------------------
--  DDL for Index SHIPPER_PK
--------------------------------------------------------

  CREATE UNIQUE INDEX "SHIPPER_PK" ON "SHIPPER" ("SHIPPERID") 
  PCTFREE 10 INITRANS 2 MAXTRANS 255 COMPUTE STATISTICS 
  STORAGE(INITIAL 65536 NEXT 1048576 MINEXTENTS 1 MAXEXTENTS 2147483645
  PCTINCREASE 0 FREELISTS 1 FREELIST GROUPS 1
  BUFFER_POOL DEFAULT FLASH_CACHE DEFAULT CELL_FLASH_CACHE DEFAULT)
  TABLESPACE "SYSTEM" ;
--------------------------------------------------------
--  DDL for Index LOADCONFIRMATION_PK
--------------------------------------------------------

  CREATE UNIQUE INDEX "LOADCONFIRMATION_PK" ON "LOADCONFIRMATION" ("LCID") 
  PCTFREE 10 INITRANS 2 MAXTRANS 255 COMPUTE STATISTICS 
  STORAGE(INITIAL 65536 NEXT 1048576 MINEXTENTS 1 MAXEXTENTS 2147483645
  PCTINCREASE 0 FREELISTS 1 FREELIST GROUPS 1
  BUFFER_POOL DEFAULT FLASH_CACHE DEFAULT CELL_FLASH_CACHE DEFAULT)
  TABLESPACE "SYSTEM" ;
--------------------------------------------------------
--  DDL for Index CONSIGNEE_PK
--------------------------------------------------------

  CREATE UNIQUE INDEX "CONSIGNEE_PK" ON "CONSIGNEE" ("CONSIGNEEID") 
  PCTFREE 10 INITRANS 2 MAXTRANS 255 COMPUTE STATISTICS 
  STORAGE(INITIAL 65536 NEXT 1048576 MINEXTENTS 1 MAXEXTENTS 2147483645
  PCTINCREASE 0 FREELISTS 1 FREELIST GROUPS 1
  BUFFER_POOL DEFAULT FLASH_CACHE DEFAULT CELL_FLASH_CACHE DEFAULT)
  TABLESPACE "SYSTEM" ;
--------------------------------------------------------
--  DDL for Index USERS_PK
--------------------------------------------------------

  CREATE UNIQUE INDEX "USERS_PK" ON "USERS" ("ID") 
  PCTFREE 10 INITRANS 2 MAXTRANS 255 COMPUTE STATISTICS 
  STORAGE(INITIAL 65536 NEXT 1048576 MINEXTENTS 1 MAXEXTENTS 2147483645
  PCTINCREASE 0 FREELISTS 1 FREELIST GROUPS 1
  BUFFER_POOL DEFAULT FLASH_CACHE DEFAULT CELL_FLASH_CACHE DEFAULT)
  TABLESPACE "USERS" ;
--------------------------------------------------------
--  DDL for Trigger CARRIER_NEXTVAL
--------------------------------------------------------

  CREATE OR REPLACE EDITIONABLE TRIGGER "CARRIER_NEXTVAL" 
 BEFORE
  INSERT
 ON carrier
REFERENCING NEW AS NEW OLD AS OLD
 FOR EACH ROW
DECLARE
    T integer;
BEGIN
    select carrier_ID.NEXTVAL into T from dual;
    :NEW.carrierID := T;
END;
/
ALTER TRIGGER "CARRIER_NEXTVAL" ENABLE;
--------------------------------------------------------
--  DDL for Trigger CONSIGNEE_NEXTVAL
--------------------------------------------------------

  CREATE OR REPLACE EDITIONABLE TRIGGER "CONSIGNEE_NEXTVAL" 
 BEFORE
  INSERT
 ON consignee
REFERENCING NEW AS NEW OLD AS OLD
 FOR EACH ROW
DECLARE
    T integer;
BEGIN
    select consignee_ID.NEXTVAL into T from dual;
    :NEW.consigneeID := T;
END;
/
ALTER TRIGGER "CONSIGNEE_NEXTVAL" ENABLE;
--------------------------------------------------------
--  DDL for Trigger CONSIGNEE_REF_NEXTVAL
--------------------------------------------------------

  CREATE OR REPLACE EDITIONABLE TRIGGER "CONSIGNEE_REF_NEXTVAL" 
 BEFORE
  INSERT
 ON consignee_ref
REFERENCING NEW AS NEW OLD AS OLD
 FOR EACH ROW
DECLARE
    T integer;
BEGIN
    select consignee_refID.NEXTVAL into T from dual;
    :NEW.consignee_refid := T;
END;
/
ALTER TRIGGER "CONSIGNEE_REF_NEXTVAL" ENABLE;
--------------------------------------------------------
--  DDL for Trigger CURRENCY_NEXTVAL
--------------------------------------------------------

  CREATE OR REPLACE EDITIONABLE TRIGGER "CURRENCY_NEXTVAL" 
 BEFORE
  INSERT
 ON currency
REFERENCING NEW AS NEW OLD AS OLD
 FOR EACH ROW
DECLARE
    T integer;
BEGIN
    select currency_ID.NEXTVAL into T from dual;
    :NEW.currencyID := T;
END;
/
ALTER TRIGGER "CURRENCY_NEXTVAL" ENABLE;
--------------------------------------------------------
--  DDL for Trigger CUSTOMBROKER_NEXTVAL
--------------------------------------------------------

  CREATE OR REPLACE EDITIONABLE TRIGGER "CUSTOMBROKER_NEXTVAL" 
 BEFORE
  INSERT
 ON custombroker
REFERENCING NEW AS NEW OLD AS OLD
 FOR EACH ROW
DECLARE
    T integer;
BEGIN
    select custombroker_ID.NEXTVAL into T from dual;
    :NEW.custombrokerID := T;
END;
/
ALTER TRIGGER "CUSTOMBROKER_NEXTVAL" ENABLE;
--------------------------------------------------------
--  DDL for Trigger LOADCONFIRMATION_NEXTVAL
--------------------------------------------------------

  CREATE OR REPLACE EDITIONABLE TRIGGER "LOADCONFIRMATION_NEXTVAL" 
 BEFORE
  INSERT
 ON loadconfirmation
REFERENCING NEW AS NEW OLD AS OLD
 FOR EACH ROW
DECLARE
    T integer;
BEGIN
    select loadconfirmation_ID.NEXTVAL into T from dual;
    :NEW.lcID := T;
END;
/
ALTER TRIGGER "LOADCONFIRMATION_NEXTVAL" ENABLE;
--------------------------------------------------------
--  DDL for Trigger LOADTYPE_NEXTVAL
--------------------------------------------------------

  CREATE OR REPLACE EDITIONABLE TRIGGER "LOADTYPE_NEXTVAL" 
 BEFORE
  INSERT
 ON loadtype
REFERENCING NEW AS NEW OLD AS OLD
 FOR EACH ROW
DECLARE
    T integer;
BEGIN
    select loadtype_ID.NEXTVAL into T from dual;
    :NEW.loadtypeID := T;
END;
/
ALTER TRIGGER "LOADTYPE_NEXTVAL" ENABLE;
--------------------------------------------------------
--  DDL for Trigger SHIPPER_NEXTVAL
--------------------------------------------------------

  CREATE OR REPLACE EDITIONABLE TRIGGER "SHIPPER_NEXTVAL" 
 BEFORE
  INSERT
 ON shipper
REFERENCING NEW AS NEW OLD AS OLD
 FOR EACH ROW
DECLARE
    T integer;
BEGIN
    select shipper_ID.NEXTVAL into T from dual;
    :NEW.shipperID := T;
END;
/
ALTER TRIGGER "SHIPPER_NEXTVAL" ENABLE;
--------------------------------------------------------
--  DDL for Trigger SHIPPER_REF_NEXTVAL
--------------------------------------------------------

  CREATE OR REPLACE EDITIONABLE TRIGGER "SHIPPER_REF_NEXTVAL" 
 BEFORE
  INSERT
 ON shipper_ref
REFERENCING NEW AS NEW OLD AS OLD
 FOR EACH ROW
DECLARE
    T integer;
BEGIN
    select shipper_refID.NEXTVAL into T from dual;
    :NEW.shipper_refid := T;
END;
/
ALTER TRIGGER "SHIPPER_REF_NEXTVAL" ENABLE;
--------------------------------------------------------
--  DDL for Trigger USERS_NEXTVAL
--------------------------------------------------------

  CREATE OR REPLACE EDITIONABLE TRIGGER "USERS_NEXTVAL" 
 BEFORE
  INSERT
 ON users
REFERENCING NEW AS NEW OLD AS OLD
 FOR EACH ROW
DECLARE
    T integer;
BEGIN
    select users_ID.NEXTVAL into T from dual;
    :NEW.ID := T;
END;
/
ALTER TRIGGER "USERS_NEXTVAL" ENABLE;
--------------------------------------------------------
--  DDL for Package SUPPORT_PACKAGE
--------------------------------------------------------

  CREATE OR REPLACE EDITIONABLE PACKAGE "SUPPORT_PACKAGE" IS
    
    id users.id%TYPE;

    PROCEDURE set_loginuser_id(in_id in users.id%type);


     FUNCTION get_loginuser_id RETURN users.id%TYPE;
        PRAGMA RESTRICT_REFERENCES(get_loginuser_id,WNDS,WNPS);


    FUNCTION password_func(
                        in_id IN users.id%TYPE, 
                        in_password IN users.password%TYPE, 
                        isPrivilige out int
                        ) 
                        RETURN INTEGER;


    FUNCTION insert_user(
                        fname_in in users.fname%type, 
                        sname_in in users.sname%type, 
                        password_in in users.password%type
                        )
                        return integer;


    FUNCTION modify_user(
                         user_id IN users.id%TYPE,
                         ffname IN users.fname%type,
                         llname in users.sname%type
                         )
                         RETURN INTEGER;


    FUNCTION modify_user_password_byid(
                                      user_id IN users.id%TYPE,
                                      new_password IN users.password%TYPE
                                      )
                                      RETURN INTEGER;


    FUNCTION modify_loginuser_password(
                                      old_password IN users.password%TYPE,
                                      new_password IN users.password%TYPE
                                      )
                                      RETURN INTEGER;                                      


    procedure delete_user(in_id_user IN users.id%TYPE);


    PROCEDURE insert_loadconfirmation_proc(
                                            lcno_in in loadconfirmation.lcno%type,
                                            lcagreedrate_in in loadconfirmation.lcagreedrate%type, 
                                            lccurrencyid_in in loadconfirmation.lccurrencyid%type,
                                            lcquantity_in in loadconfirmation.lcquantity%type,
                                            lcloadtypeid_in in loadconfirmation.lcloadtypeid%type,
                                            lccarrierid_in in loadconfirmation.lccarrierid%type,
                                            lccustombrokerid_in in loadconfirmation.lccustombrokerid%type,
                                            lcnote_in in loadconfirmation.lcnote%type, 
                                            ret out int,
                                            user_full_name out VARCHAR2
                                            );     


    PROCEDURE update_loadconfirmation_proc(
                                            lcid_in in loadconfirmation.lcid%type, 
                                            lcno_in in loadconfirmation.lcno%type,
                                            lcagreedrate_in in loadconfirmation.lcagreedrate%type, 
                                            lccurrencyid_in in loadconfirmation.lccurrencyid%type,
                                            lcquantity_in in loadconfirmation.lcquantity%type,
                                            lcloadtypeid_in in loadconfirmation.lcloadtypeid%type,
                                            lccarrierid_in in loadconfirmation.lccarrierid%type,
                                            lccustombrokerid_in in loadconfirmation.lccustombrokerid%type,
                                            lcnote_in in loadconfirmation.lcnote%type, 
                                            ret out int
                                            );


    procedure cleanup_loadconfirmation(in_id_loadconfirmation IN loadconfirmation.lcid%TYPE);


    procedure delete_loadconfirmation(
                                        lcid_in IN loadconfirmation.lcid%TYPE, 
                                        lcno_in in loadconfirmation.lcno%type,
                                        ret out int);


    procedure insert_shipper_ref(
                             in_id_lc IN shipper_ref.lcid%TYPE, 
                             in_id_shipper IN shipper_ref.shipperid%TYPE,
                             in_shipperdate IN shipper_ref.shipperdate%TYPE, 
                             in_shippertime IN shipper_ref.shippertime%TYPE
                             );


    procedure insert_consignee_ref(
                                in_id_lc IN consignee_ref.lcid%TYPE, 
                                in_id_consignee IN consignee_ref.consigneeid%TYPE,
                                in_consigneedate IN consignee_ref.consigneedate%TYPE, 
                                in_consigneetime IN consignee_ref.consigneetime%TYPE
                                );    


END SUPPORT_PACKAGE;
/
--------------------------------------------------------
--  DDL for Package Body SUPPORT_PACKAGE
--------------------------------------------------------

  CREATE OR REPLACE EDITIONABLE PACKAGE BODY "SUPPORT_PACKAGE" IS

    kilksprob number;


     PROCEDURE set_loginuser_id(in_id in users.id%type) IS
     BEGIN

        id := in_id;

     END set_loginuser_id;


     FUNCTION get_loginuser_id RETURN users.id%TYPE IS
     BEGIN

        RETURN id;

     END get_loginuser_id;


    FUNCTION password_func(
                        in_id IN users.id%TYPE, 
                        in_password IN users.password%TYPE, 
                        isPrivilige out int
                        ) 
                        RETURN INTEGER IS
         t_password users.password%TYPE;
         u_id users.id%TYPE;
         t_userName users.fname%type;
     BEGIN

         SELECT password INTO t_password FROM users WHERE id = in_id;
         IF in_password = t_password THEN
             set_loginuser_id(in_id);
             SELECT fname into t_userName FROM users WHERE id = in_id;
             IF t_userName = 'Administrator' THEN
                isPrivilige := 1;
             ELSE
                isPrivilige := 0;
             END if;
             RETURN 1;
         ELSE
            RETURN 0;
         END IF;       

    END password_func;

    FUNCTION insert_user(
                        fname_in in users.fname%type, 
                        sname_in in users.sname%type, 
                        password_in in users.password%type
                        )
                        RETURN integer is
    i numeric (15,0);
    id_return_value numeric(15,0);
    BEGIN
        SELECT count(*) INTO i 
        FROM users u 
        WHERE (u.fname = fname_in 
        AND u.sname = sname_in);

        if i < 1 THEN
            INSERT INTO users(fname, sname, password) VALUES (fname_in, sname_in, password_in)
            RETURNING id INTO id_return_value;
            COMMIT;
            RETURN id_return_value;
        ELSE
            RETURN 0;
        END IF;
    END insert_user;


    FUNCTION modify_user(
                          user_id IN users.id%TYPE,
                          ffname IN users.fname%type,
                          llname in users.sname%type
                          )
                          RETURN integer IS
    i numeric (15,0);
    BEGIN
        SELECT count(*) into i 
        FROM users u 
        WHERE
        (u.fname = ffname 
        AND u.sname = llname
        )
        OR u.id = user_id;

        IF i = 1 THEN
            UPDATE users SET fname = ffname, sname = llname  WHERE id=user_id;
            RETURN 1;
        ELSE
            RETURN 0;
        END IF;
    END;


    FUNCTION modify_user_password_byid(
                                      user_id IN users.id%TYPE,
                                      new_password IN users.password%TYPE
                                      )
                                      RETURN INTEGER IS

    i numeric (15,0);
    BEGIN
        SELECT count(*) into i 
        FROM users u 
        WHERE
        u.id = user_id;

        IF i = 1 THEN
            UPDATE users SET password = new_password WHERE id=user_id;
            RETURN 1;
        ELSE
            RETURN -1;
        END IF;
    END;                                      

    FUNCTION modify_loginuser_password(
                                      old_password IN users.password%TYPE,
                                      new_password IN users.password%TYPE
                                      )
                                      RETURN INTEGER IS                                    

    i numeric (15,0);
    old_password_var VARCHAR2(100);
    BEGIN
        SELECT count(*) into i 
        FROM users u 
        WHERE
        u.id = get_loginuser_id();

        IF i = 1 THEN

                SELECT password into old_password_var 
                FROM users u 
                WHERE
                u.id = get_loginuser_id();

                if old_password_var = old_password THEN
                    UPDATE users SET password = new_password WHERE id=get_loginuser_id();
                    RETURN 1;
                ELSE
                    RETURN -2;
                END IF;
        ELSE
            RETURN -1;
        END IF;
    END;


    PROCEDURE delete_user(in_id_user in users.id%type) is
    BEGIN
        delete from users where id = in_id_user;
    end delete_user;


        PROCEDURE insert_loadconfirmation_proc(
                                            lcno_in in loadconfirmation.lcno%type,
                                            lcagreedrate_in in loadconfirmation.lcagreedrate%type, 
                                            lccurrencyid_in in loadconfirmation.lccurrencyid%type,
                                            lcquantity_in in loadconfirmation.lcquantity%type,
                                            lcloadtypeid_in in loadconfirmation.lcloadtypeid%type,
                                            lccarrierid_in in loadconfirmation.lccarrierid%type,
                                            lccustombrokerid_in in loadconfirmation.lccustombrokerid%type,
                                            lcnote_in in loadconfirmation.lcnote%type, 
                                            ret out int, 
                                            user_full_name out VARCHAR2)
                                 is
        loadconfirmationcount numeric (5,0);
        beforeValueInvoice numeric (15,0);
        afterValueInvoice numeric (15,0);
        differenceInvoice numeric (15,0);
        BEGIN

             select count(*) into loadconfirmationcount from loadconfirmation l where l.lcno = lcno_in;

             IF (loadconfirmationcount > 0)  THEN
                 ret := -2;
                 user_full_name := ' ';
             ELSE
                select loadconfirmation_id.NEXTVAL into beforeValueInvoice from dual;
                insert into loadconfirmation(lccreated, lccreatedby) values (sysdate, get_loginuser_id());
                select loadconfirmation_id.CURRVAL into afterValueInvoice from dual;
                differenceInvoice := afterValueInvoice - beforeValueInvoice;

                IF differenceInvoice <> 1 then
                    ret := -1;
                    user_full_name := ' ';
                ELSE
                    update loadconfirmation set lcno = lcno_in, lcagreedrate = lcagreedrate_in, lccurrencyid = lccurrencyid_in,
                                                lcquantity = lcquantity_in, lcloadtypeid = lcloadtypeid_in, lccarrierid = lccarrierid_in,
                                                lccustombrokerid = lccustombrokerid_in, lcnote = lcnote_in
                    where lcid = afterValueInvoice;
                    ret := afterValueInvoice;
                    select u.fname || '  ' ||u.sname into user_full_name from users u where u.id = get_loginuser_id();
                END IF;             
            END IF;
        END;


        PROCEDURE update_loadconfirmation_proc(
                                                lcid_in in loadconfirmation.lcid%type, 
                                                lcno_in in loadconfirmation.lcno%type,
                                                lcagreedrate_in in loadconfirmation.lcagreedrate%type, 
                                                lccurrencyid_in in loadconfirmation.lccurrencyid%type,
                                                lcquantity_in in loadconfirmation.lcquantity%type,
                                                lcloadtypeid_in in loadconfirmation.lcloadtypeid%type,
                                                lccarrierid_in in loadconfirmation.lccarrierid%type,
                                                lccustombrokerid_in in loadconfirmation.lccustombrokerid%type,
                                                lcnote_in in loadconfirmation.lcnote%type, 
                                                ret out int) is
        loadconfirmationcount numeric (5,0);
        beforeValueInvoice numeric (15,0);
        afterValueInvoice numeric (15,0);
        differenceInvoice numeric (15,0);
        BEGIN

             select count(*) into loadconfirmationcount 
                from loadconfirmation l 
                    where l.lcid = lcid_in
                    or l.lcno = lcno_in;

             IF (loadconfirmationcount <> 1)  THEN
                 ret := -1;
             ELSE
                update loadconfirmation set lcno = lcno_in, lcagreedrate = lcagreedrate_in, lccurrencyid = lccurrencyid_in,
                                            lcquantity = lcquantity_in, lcloadtypeid = lcloadtypeid_in, lccarrierid = lccarrierid_in,
                                            lccustombrokerid = lccustombrokerid_in, lcnote = lcnote_in
                where lcid = lcid_in;
                cleanup_loadconfirmation(lcid_in);
                ret := 1;
            END IF;
        END; 


        procedure cleanup_loadconfirmation(in_id_loadconfirmation IN loadconfirmation.lcid%TYPE) is
        i numeric(15,0);
        begin
            delete from shipper_ref where lcid = in_id_loadconfirmation;
            delete from consignee_ref where lcid = in_id_loadconfirmation;
        end cleanup_loadconfirmation;

        procedure delete_loadconfirmation(
                                            lcid_in IN loadconfirmation.lcid%TYPE, 
                                            lcno_in in loadconfirmation.lcno%type,
                                            ret out int) is
        loadconfirmationcount numeric (5,0);
        begin

             select count(*) into loadconfirmationcount 
             from loadconfirmation l 
             where l.lcid = lcid_in
             or l.lcno = lcno_in;

             IF (loadconfirmationcount > 1)  THEN
                 ret := -2;
             ELSIF (loadconfirmationcount = 0) THEN
                 ret := -1;
             ELSIF (loadconfirmationcount = 1) THEN
                delete from loadconfirmation where lcid = lcid_in;
                delete from shipper_ref where lcid = lcid_in;
                delete from consignee_ref where lcid = lcid_in;
                commit;
                ret := 1;
            END IF;
        end delete_loadconfirmation;   


        procedure insert_shipper_ref(
                                     in_id_lc IN shipper_ref.lcid%TYPE, 
                                     in_id_shipper IN shipper_ref.shipperid%TYPE,
                                     in_shipperdate IN shipper_ref.shipperdate%TYPE, 
                                     in_shippertime IN shipper_ref.shippertime%TYPE
                                     )IS
        BEGIN
            INSERT INTO shipper_ref(lcid, shipperid, shipperdate, shippertime)
                    VALUES(in_id_lc, in_id_shipper, in_shipperdate, in_shippertime);
        END;


        procedure insert_consignee_ref(
                                            in_id_lc IN consignee_ref.lcid%TYPE, 
                                            in_id_consignee IN consignee_ref.consigneeid%TYPE,
                                            in_consigneedate IN consignee_ref.consigneedate%TYPE, 
                                            in_consigneetime IN consignee_ref.consigneetime%TYPE
                                            )IS
        BEGIN
            INSERT INTO consignee_ref(lcid, consigneeid, consigneedate, consigneetime)
                    VALUES(in_id_lc, in_id_consignee, in_consigneedate, in_consigneetime);
        END;    

BEGIN
    kilksprob := 1;
END SUPPORT_PACKAGE;
/
--------------------------------------------------------
--  Constraints for Table SHIPPER
--------------------------------------------------------

  ALTER TABLE "SHIPPER" ADD CONSTRAINT "SHIPPER_PK" PRIMARY KEY ("SHIPPERID")
  USING INDEX PCTFREE 10 INITRANS 2 MAXTRANS 255 COMPUTE STATISTICS 
  STORAGE(INITIAL 65536 NEXT 1048576 MINEXTENTS 1 MAXEXTENTS 2147483645
  PCTINCREASE 0 FREELISTS 1 FREELIST GROUPS 1
  BUFFER_POOL DEFAULT FLASH_CACHE DEFAULT CELL_FLASH_CACHE DEFAULT)
  TABLESPACE "SYSTEM"  ENABLE;
--------------------------------------------------------
--  Constraints for Table SHIPPER_REF
--------------------------------------------------------

  ALTER TABLE "SHIPPER_REF" MODIFY ("SHIPPER_REFID" NOT NULL ENABLE);
  ALTER TABLE "SHIPPER_REF" ADD CONSTRAINT "SHIPPER_REF_PK" PRIMARY KEY ("SHIPPER_REFID")
  USING INDEX PCTFREE 10 INITRANS 2 MAXTRANS 255 COMPUTE STATISTICS 
  STORAGE(INITIAL 65536 NEXT 1048576 MINEXTENTS 1 MAXEXTENTS 2147483645
  PCTINCREASE 0 FREELISTS 1 FREELIST GROUPS 1
  BUFFER_POOL DEFAULT FLASH_CACHE DEFAULT CELL_FLASH_CACHE DEFAULT)
  TABLESPACE "SYSTEM"  ENABLE;
--------------------------------------------------------
--  Constraints for Table CARRIER
--------------------------------------------------------

  ALTER TABLE "CARRIER" MODIFY ("CARRIERID" NOT NULL ENABLE);
  ALTER TABLE "CARRIER" ADD CONSTRAINT "CARRIER_PK" PRIMARY KEY ("CARRIERID")
  USING INDEX PCTFREE 10 INITRANS 2 MAXTRANS 255 COMPUTE STATISTICS 
  STORAGE(INITIAL 65536 NEXT 1048576 MINEXTENTS 1 MAXEXTENTS 2147483645
  PCTINCREASE 0 FREELISTS 1 FREELIST GROUPS 1
  BUFFER_POOL DEFAULT FLASH_CACHE DEFAULT CELL_FLASH_CACHE DEFAULT)
  TABLESPACE "SYSTEM"  ENABLE;
--------------------------------------------------------
--  Constraints for Table USERS
--------------------------------------------------------

  ALTER TABLE "USERS" MODIFY ("ID" NOT NULL ENABLE);
  ALTER TABLE "USERS" ADD CONSTRAINT "USERS_PK" PRIMARY KEY ("ID")
  USING INDEX PCTFREE 10 INITRANS 2 MAXTRANS 255 COMPUTE STATISTICS 
  STORAGE(INITIAL 65536 NEXT 1048576 MINEXTENTS 1 MAXEXTENTS 2147483645
  PCTINCREASE 0 FREELISTS 1 FREELIST GROUPS 1
  BUFFER_POOL DEFAULT FLASH_CACHE DEFAULT CELL_FLASH_CACHE DEFAULT)
  TABLESPACE "USERS"  ENABLE;
--------------------------------------------------------
--  Constraints for Table CONSIGNEE
--------------------------------------------------------

  ALTER TABLE "CONSIGNEE" ADD CONSTRAINT "CONSIGNEE_PK" PRIMARY KEY ("CONSIGNEEID")
  USING INDEX PCTFREE 10 INITRANS 2 MAXTRANS 255 COMPUTE STATISTICS 
  STORAGE(INITIAL 65536 NEXT 1048576 MINEXTENTS 1 MAXEXTENTS 2147483645
  PCTINCREASE 0 FREELISTS 1 FREELIST GROUPS 1
  BUFFER_POOL DEFAULT FLASH_CACHE DEFAULT CELL_FLASH_CACHE DEFAULT)
  TABLESPACE "SYSTEM"  ENABLE;
--------------------------------------------------------
--  Constraints for Table CUSTOMBROKER
--------------------------------------------------------

  ALTER TABLE "CUSTOMBROKER" ADD CONSTRAINT "CUSTOMBROKER_PK" PRIMARY KEY ("CUSTOMBROKERID")
  USING INDEX PCTFREE 10 INITRANS 2 MAXTRANS 255 COMPUTE STATISTICS 
  STORAGE(INITIAL 65536 NEXT 1048576 MINEXTENTS 1 MAXEXTENTS 2147483645
  PCTINCREASE 0 FREELISTS 1 FREELIST GROUPS 1
  BUFFER_POOL DEFAULT FLASH_CACHE DEFAULT CELL_FLASH_CACHE DEFAULT)
  TABLESPACE "SYSTEM"  ENABLE;
--------------------------------------------------------
--  Constraints for Table CONSIGNEE_REF
--------------------------------------------------------

  ALTER TABLE "CONSIGNEE_REF" MODIFY ("CONSIGNEE_REFID" NOT NULL ENABLE);
  ALTER TABLE "CONSIGNEE_REF" ADD CONSTRAINT "CONSIGNEE_REF_PK" PRIMARY KEY ("CONSIGNEE_REFID")
  USING INDEX PCTFREE 10 INITRANS 2 MAXTRANS 255 COMPUTE STATISTICS 
  STORAGE(INITIAL 65536 NEXT 1048576 MINEXTENTS 1 MAXEXTENTS 2147483645
  PCTINCREASE 0 FREELISTS 1 FREELIST GROUPS 1
  BUFFER_POOL DEFAULT FLASH_CACHE DEFAULT CELL_FLASH_CACHE DEFAULT)
  TABLESPACE "SYSTEM"  ENABLE;
--------------------------------------------------------
--  Constraints for Table LOADCONFIRMATION
--------------------------------------------------------

  ALTER TABLE "LOADCONFIRMATION" MODIFY ("LCID" NOT NULL ENABLE);
  ALTER TABLE "LOADCONFIRMATION" ADD CONSTRAINT "LOADCONFIRMATION_PK" PRIMARY KEY ("LCID")
  USING INDEX PCTFREE 10 INITRANS 2 MAXTRANS 255 COMPUTE STATISTICS 
  STORAGE(INITIAL 65536 NEXT 1048576 MINEXTENTS 1 MAXEXTENTS 2147483645
  PCTINCREASE 0 FREELISTS 1 FREELIST GROUPS 1
  BUFFER_POOL DEFAULT FLASH_CACHE DEFAULT CELL_FLASH_CACHE DEFAULT)
  TABLESPACE "SYSTEM"  ENABLE;
